product_id,category,name,price_usd,cost_usd,margin_usd,popularity_score,avg_rating,price_band
1,Electronics,ssd mediumblue 149,570.28,352.69,217.59,2.0,5.0,high
2,Electronics,keyboard deeppink 696,498.13,263.13,235.0,2.0,0.0,high
3,Electronics,headphones orchid 188,548.53,309.6,238.93,6.0,5.0,high
4,Electronics,smartwatch burlywood 664,268.36,153.56,114.8,19.0,4.5,high
5,Electronics,smartwatch cornsilk 328,63.69,42.65,21.04,56.0,4.571428571428571,medium
6,Electronics,headphones whitesmoke 326,358.95,222.19,136.76,7.0,3.5,high
7,Electronics,headphones darkgray 529,347.3,187.53,159.77,18.0,4.666666666666667,high
8,Electronics,mouse moccasin 673,338.19,227.02,111.17,4.0,4.0,high
9,Electronics,mouse chartreuse 292,88.74,59.58,29.16,101.0,3.5714285714285716,medium
10,Electronics,ssd tan 677,85.54,61.04,24.5,80.0,3.857142857142857,medium
11,Electronics,headphones hotpink 644,382.84,248.43,134.41,12.0,0.0,high
12,Electronics,smartwatch blue 564,473.02,302.58,170.44,10.0,2.0,high
13,Electronics,ssd darkcyan 815,200.87,148.31,52.56,34.0,4.666666666666667,high
14,Electronics,webcam powderblue 606,76.66,45.24,31.42,103.0,4.0,medium
15,Electronics,ssd peachpuff 174,445.78,261.4,184.38,8.0,5.0,high
16,Electronics,keyboard cornflowerblue 450,321.8,176.83,144.97,3.0,0.0,high
17,Electronics,mouse lawngreen 784,561.96,352.07,209.89,1.0,0.0,high
18,Electronics,keyboard darkgoldenrod 996,465.81,312.98,152.83,2.0,4.0,high
19,Electronics,ssd peru 608,223.87,135.45,88.42,19.0,3.0,high
20,Electronics,speaker chocolate 376,69.19,36.54,32.65,67.0,4.142857142857143,medium
21,Electronics,speaker darkred 848,427.31,221.99,205.32,7.0,3.3333333333333335,high
22,Electronics,monitor ivory 941,398.86,318.26,80.6,3.0,5.0,high
23,Electronics,speaker chocolate 784,192.22,118.36,73.86,34.0,4.2,high
24,Electronics,ssd orchid 272,42.86,27.37,15.49,124.0,4.157894736842105,low
25,Electronics,keyboard burlywood 394,311.41,176.09,135.32,8.0,5.0,high
26,Electronics,mouse indigo 992,450.87,279.26,171.61,6.0,0.0,high
27,Electronics,speaker brown 662,75.93,48.2,27.73,91.0,3.6666666666666665,medium
28,Electronics,monitor darkslateblue 984,533.53,397.9,135.63,8.0,0.0,high
29,Electronics,monitor lightsteelblue 799,432.65,344.36,88.29,4.0,2.0,high
30,Electronics,smartwatch peachpuff 280,575.91,314.03,261.88,8.0,0.0,high
31,Electronics,mouse darkturquoise 596,162.22,92.47,69.75,45.0,4.0,high
32,Electronics,mouse yellow 529,179.77,90.11,89.66,43.0,4.0,high
33,Electronics,ssd darkorchid 228,377.59,224.89,152.7,2.0,0.0,high
34,Electronics,headphones linen 995,290.29,221.0,69.29,16.0,4.5,high
35,Electronics,smartwatch gainsboro 593,256.9,158.82,98.08,11.0,4.5,high
36,Electronics,smartwatch darkkhaki 313,65.48,34.06,31.42,96.0,4.086956521739131,medium
37,Electronics,speaker gold 153,122.51,73.75,48.76,63.0,3.909090909090909,medium
38,Electronics,keyboard navy 203,30.13,16.43,13.7,124.0,4.0,low
39,Electronics,ssd darkgray 312,379.83,197.93,181.9,5.0,0.0,high
40,Electronics,smartwatch coral 455,114.67,66.01,48.66,65.0,4.0,medium
41,Electronics,ssd chocolate 599,300.27,160.53,139.74,10.0,0.0,high
42,Electronics,speaker greenyellow 247,303.83,180.34,123.49,10.0,3.0,high
43,Electronics,keyboard springgreen 590,457.31,330.23,127.08,10.0,0.0,high
44,Electronics,mouse white 640,324.31,182.12,142.19,11.0,4.5,high
45,Electronics,ssd pink 127,113.56,75.28,38.28,65.0,4.0,medium
46,Electronics,monitor maroon 812,587.75,446.1,141.65,7.0,0.0,high
47,Electronics,monitor seagreen 464,325.49,251.43,74.06,15.0,2.0,high
48,Electronics,webcam saddlebrown 437,333.58,244.75,88.83,11.0,3.0,high
49,Electronics,webcam mistyrose 876,379.54,279.54,100.0,13.0,4.0,high
50,Electronics,webcam lime 857,489.46,364.89,124.57,6.0,5.0,high
51,Electronics,webcam lightblue 848,143.95,93.26,50.69,64.0,3.888888888888889,high
52,Electronics,headphones gainsboro 583,594.07,437.85,156.22,3.0,4.0,high
53,Electronics,monitor lemonchiffon 452,140.38,95.67,44.71,53.0,5.0,high
54,Electronics,speaker cyan 457,490.88,351.93,138.95,5.0,0.0,high
55,Electronics,ssd lime 581,75.91,40.28,35.63,93.0,3.3333333333333335,medium
56,Electronics,webcam violet 724,222.51,143.47,79.04,26.0,4.0,high
57,Electronics,headphones snow 918,303.3,211.06,92.24,8.0,3.6666666666666665,high
58,Electronics,keyboard mediumspringgreen 497,505.75,271.07,234.68,3.0,4.0,high
59,Electronics,webcam rosybrown 908,302.48,167.44,135.04,1.0,0.0,high
60,Electronics,ssd lightslategray 839,79.45,62.28,17.17,78.0,4.416666666666667,medium
61,Electronics,smartwatch cornsilk 186,294.0,212.56,81.44,5.0,0.0,high
62,Electronics,mouse darkorchid 254,126.9,68.29,58.61,49.0,3.5,medium
63,Electronics,speaker thistle 946,489.71,266.33,223.38,7.0,0.0,high
64,Electronics,speaker peachpuff 661,404.64,244.86,159.78,3.0,5.0,high
65,Electronics,mouse firebrick 843,42.2,31.22,10.98,109.0,3.7142857142857144,low
66,Electronics,keyboard mediumspringgreen 544,330.15,257.55,72.6,13.0,3.0,high
67,Electronics,webcam deeppink 357,500.91,282.17,218.74,7.0,5.0,high
68,Electronics,webcam slategray 700,196.99,112.71,84.28,41.0,3.5,high
69,Electronics,ssd peachpuff 234,177.84,111.28,66.56,45.0,3.5454545454545454,high
70,Electronics,headphones blueviolet 569,548.71,332.59,216.12,4.0,0.0,high
71,Electronics,smartwatch crimson 233,501.47,382.85,118.62,1.0,0.0,high
72,Electronics,mouse maroon 550,328.4,166.04,162.36,13.0,5.0,high
73,Electronics,mouse mediumspringgreen 253,376.88,276.18,100.7,10.0,5.0,high
74,Electronics,mouse mediumvioletred 223,110.69,75.9,34.79,56.0,4.375,medium
75,Electronics,headphones springgreen 668,215.81,141.46,74.35,20.0,2.5,high
76,Electronics,speaker saddlebrown 673,477.04,253.71,223.33,7.0,0.0,high
77,Electronics,headphones cornflowerblue 890,171.64,100.08,71.56,38.0,3.4285714285714284,high
78,Electronics,keyboard darkgoldenrod 878,319.4,213.52,105.88,5.0,5.0,high
79,Electronics,keyboard lightpink 617,282.65,193.26,89.39,16.0,4.0,high
80,Electronics,webcam sienna 646,424.86,270.09,154.77,3.0,0.0,high
81,Electronics,speaker coral 635,319.42,183.44,135.98,5.0,0.0,high
82,Electronics,monitor chocolate 307,555.99,426.9,129.09,5.0,0.0,high
83,Electronics,speaker magenta 552,108.17,58.03,50.14,54.0,4.0,medium
84,Electronics,ssd rosybrown 174,71.35,40.83,30.52,79.0,4.090909090909091,medium
85,Electronics,webcam lightskyblue 895,411.6,302.6,109.0,5.0,5.0,high
86,Electronics,mouse olivedrab 474,565.52,391.93,173.59,3.0,0.0,high
87,Electronics,mouse mediumturquoise 578,174.27,94.31,79.96,47.0,4.0,high
88,Electronics,webcam beige 598,455.61,240.67,214.94,4.0,3.3333333333333335,high
89,Electronics,mouse sandybrown 265,594.23,445.51,148.72,10.0,2.0,high
90,Electronics,smartwatch midnightblue 531,596.62,370.59,226.03,6.0,4.0,high
91,Electronics,webcam floralwhite 474,233.27,123.09,110.18,23.0,4.0,high
92,Electronics,headphones darkorange 820,222.65,141.96,80.69,23.0,3.5,high
93,Electronics,headphones snow 402,249.08,163.2,85.88,24.0,3.5,high
94,Electronics,keyboard chocolate 334,94.32,73.15,21.17,85.0,3.7333333333333334,medium
95,Electronics,keyboard indianred 897,77.91,45.31,32.6,85.0,3.727272727272727,medium
96,Electronics,mouse lightslategray 532,184.15,99.23,84.92,26.0,3.1666666666666665,high
97,Electronics,monitor darkseagreen 627,261.39,172.77,88.62,11.0,4.0,high
98,Electronics,speaker lightblue 158,429.24,226.14,203.1,7.0,4.0,high
99,Electronics,mouse orchid 117,272.43,142.13,130.3,2.0,0.0,high
100,Electronics,keyboard orangered 976,486.93,255.7,231.23,10.0,4.75,high
101,Electronics,webcam springgreen 564,67.97,51.58,16.39,90.0,4.071428571428571,medium
102,Electronics,headphones cyan 374,223.32,148.71,74.61,20.0,0.0,high
103,Electronics,mouse firebrick 212,54.63,38.94,15.69,97.0,4.0625,medium
104,Electronics,mouse rosybrown 419,179.28,99.38,79.9,55.0,3.5714285714285716,high
105,Electronics,monitor palegoldenrod 556,332.72,186.91,145.81,7.0,2.5,high
106,Electronics,mouse lightseagreen 356,184.2,136.51,47.69,28.0,4.0,high
107,Electronics,headphones darkslategray 664,38.75,27.9,10.85,96.0,4.375,low
108,Electronics,webcam plum 557,323.11,185.37,137.74,6.0,0.0,high
109,Electronics,keyboard lightseagreen 772,405.24,281.65,123.59,4.0,4.5,high
110,Electronics,speaker papayawhip 618,341.17,261.55,79.62,2.0,0.0,high
111,Electronics,monitor mintcream 450,422.01,335.38,86.63,13.0,4.2,high
112,Electronics,webcam olive 751,504.4,359.14,145.26,9.0,4.5,high
113,Electronics,mouse lavender 155,260.68,157.52,103.16,19.0,2.0,high
114,Electronics,mouse deeppink 361,38.13,26.22,11.91,71.0,4.0,low
115,Electronics,smartwatch darkblue 961,123.05,64.64,58.41,64.0,3.9,medium
116,Electronics,smartwatch fuchsia 388,526.21,368.96,157.25,4.0,4.0,high
117,Electronics,webcam deeppink 289,424.83,218.18,206.65,11.0,3.5,high
118,Electronics,mouse lavender 472,183.35,91.87,91.48,33.0,3.4285714285714284,high
119,Electronics,ssd lavender 350,584.4,388.11,196.29,6.0,2.5,high
120,Electronics,headphones aquamarine 465,580.43,344.12,236.31,16.0,0.0,high
121,Electronics,mouse slateblue 586,30.61,18.81,11.8,135.0,3.0,low
122,Electronics,monitor gainsboro 616,316.58,177.38,139.2,11.0,0.0,high
123,Electronics,headphones lightgray 247,81.79,60.94,20.85,86.0,4.214285714285714,medium
124,Electronics,smartwatch lightskyblue 406,364.48,225.32,139.16,7.0,0.0,high
125,Electronics,monitor antiquewhite 641,388.91,204.31,184.6,4.0,1.0,high
126,Electronics,mouse darkviolet 710,404.8,289.35,115.45,4.0,0.0,high
127,Electronics,smartwatch peachpuff 606,465.66,333.51,132.15,7.0,0.0,high
128,Electronics,mouse white 248,191.98,131.62,60.36,30.0,3.7142857142857144,high
129,Electronics,headphones navajowhite 625,500.17,357.37,142.8,7.0,3.0,high
130,Electronics,smartwatch mediumaquamarine 242,448.3,333.39,114.91,0.0,0.0,high
131,Electronics,headphones darksalmon 828,501.05,338.32,162.73,5.0,1.0,high
132,Electronics,webcam thistle 752,78.5,40.24,38.26,72.0,3.8,medium
133,Electronics,ssd cadetblue 562,576.92,353.64,223.28,5.0,3.5,high
134,Electronics,headphones saddlebrown 797,387.83,266.78,121.05,6.0,5.0,high
135,Electronics,webcam orangered 916,308.9,154.76,154.14,5.0,5.0,high
136,Electronics,keyboard orchid 648,456.51,297.14,159.37,8.0,3.0,high
137,Electronics,keyboard palegoldenrod 854,405.8,210.94,194.86,5.0,4.5,high
138,Electronics,speaker orangered 371,173.75,90.76,82.99,37.0,4.125,high
139,Electronics,webcam darkkhaki 857,445.72,250.3,195.42,10.0,3.0,high
140,Electronics,speaker skyblue 590,311.55,191.53,120.02,3.0,5.0,high
141,Electronics,monitor palegoldenrod 758,467.17,320.05,147.12,3.0,0.0,high
142,Electronics,webcam chocolate 360,74.16,40.36,33.8,94.0,3.789473684210526,medium
143,Electronics,monitor gold 593,384.06,207.4,176.66,6.0,0.0,high
144,Electronics,headphones cornflowerblue 201,306.9,242.99,63.91,11.0,0.0,high
145,Electronics,webcam honeydew 628,415.15,243.8,171.35,9.0,4.0,high
146,Electronics,monitor purple 221,294.86,188.68,106.18,2.0,4.0,high
147,Electronics,webcam dodgerblue 584,207.65,109.17,98.48,25.0,3.8,high
148,Electronics,headphones darkolivegreen 618,195.07,102.01,93.06,33.0,3.5,high
149,Electronics,speaker mediumspringgreen 315,596.56,367.51,229.05,6.0,0.0,high
150,Electronics,keyboard cadetblue 636,361.44,196.09,165.35,3.0,4.0,high
151,Electronics,monitor darkkhaki 939,573.06,309.33,263.73,11.0,3.5,high
152,Electronics,monitor aliceblue 336,535.51,380.75,154.76,0.0,0.0,high
153,Electronics,speaker deeppink 125,541.69,349.85,191.84,5.0,0.0,high
154,Electronics,mouse whitesmoke 561,32.05,20.75,11.3,122.0,3.2222222222222223,low
155,Electronics,smartwatch darkgreen 452,202.11,109.59,92.52,33.0,3.8,high
156,Electronics,smartwatch moccasin 101,210.16,158.05,52.11,41.0,4.444444444444445,high
157,Electronics,ssd bisque 222,457.92,344.23,113.69,3.0,4.0,high
158,Electronics,webcam cornsilk 396,436.42,336.25,100.17,5.0,2.0,high
159,Electronics,monitor honeydew 990,242.17,149.63,92.54,15.0,1.6666666666666667,high
160,Electronics,keyboard oldlace 381,235.6,148.05,87.55,26.0,3.5,high
161,Electronics,headphones deeppink 777,189.96,97.92,92.04,26.0,4.0,high
162,Electronics,monitor lightcoral 372,391.93,213.47,178.46,4.0,2.0,high
163,Electronics,smartwatch mediumturquoise 482,321.25,178.92,142.33,7.0,4.5,high
164,Electronics,smartwatch moccasin 746,534.03,397.1,136.93,5.0,4.5,high
165,Electronics,smartwatch sienna 662,550.65,430.72,119.93,9.0,0.0,high
166,Electronics,webcam darkred 849,440.16,226.61,213.55,4.0,5.0,high
167,Electronics,smartwatch darkorange 759,286.99,208.3,78.69,10.0,4.0,high
168,Electronics,monitor slateblue 663,306.78,237.32,69.46,8.0,4.0,high
169,Electronics,mouse seagreen 388,127.33,79.51,47.82,50.0,3.75,high
170,Electronics,monitor silver 768,175.77,126.84,48.93,30.0,3.5,high
171,Electronics,monitor skyblue 594,261.54,149.5,112.04,13.0,1.0,high
172,Home & Kitchen,lamp magenta 758,170.53,91.39,79.14,30.0,4.2,high
173,Home & Kitchen,coffee maker darkblue 931,28.04,18.23,9.81,123.0,3.6,low
174,Home & Kitchen,vacuum darkturquoise 440,142.09,90.35,51.74,36.0,3.7777777777777777,high
175,Home & Kitchen,toaster darkkhaki 297,117.99,63.94,54.05,42.0,4.714285714285714,medium
176,Home & Kitchen,coffee maker mediumspringgreen 193,31.77,19.14,12.63,117.0,3.5555555555555554,low
177,Home & Kitchen,air fryer lightgray 683,67.39,38.92,28.47,87.0,4.416666666666667,medium
178,Home & Kitchen,coffee maker silver 522,222.94,161.61,61.33,21.0,3.5,high
179,Home & Kitchen,vacuum dodgerblue 485,109.33,71.86,37.47,46.0,3.25,medium
180,Home & Kitchen,air fryer tomato 384,91.17,47.28,43.89,56.0,4.0,medium
181,Home & Kitchen,lamp beige 615,242.24,130.27,111.97,12.0,4.666666666666667,high
182,Home & Kitchen,lamp greenyellow 321,161.11,122.26,38.85,41.0,3.5,high
183,Home & Kitchen,blender wheat 509,75.05,43.12,31.93,59.0,3.5555555555555554,medium
184,Home & Kitchen,cookware mistyrose 969,117.01,91.99,25.02,37.0,4.5,medium
185,Home & Kitchen,toaster darkviolet 133,219.49,111.18,108.31,18.0,4.0,high
186,Home & Kitchen,vacuum yellowgreen 584,180.28,138.58,41.7,29.0,2.0,high
187,Home & Kitchen,lamp bisque 945,127.56,66.58,60.98,49.0,4.0,high
188,Home & Kitchen,lamp wheat 354,215.31,170.45,44.86,17.0,3.0,high
189,Home & Kitchen,toaster lime 634,36.17,19.76,16.41,93.0,4.461538461538462,low
190,Home & Kitchen,cookware darkgoldenrod 817,36.13,27.01,9.12,84.0,3.4615384615384617,low
191,Home & Kitchen,cookware lightgoldenrodyellow 187,213.16,163.81,49.35,26.0,3.3333333333333335,high
192,Home & Kitchen,lamp tomato 228,196.45,98.31,98.14,37.0,0.0,high
193,Home & Kitchen,coffee maker moccasin 832,146.65,74.98,71.67,33.0,4.625,high
194,Home & Kitchen,air fryer firebrick 640,240.98,165.78,75.2,16.0,4.5,high
195,Home & Kitchen,cookware mintcream 201,114.98,83.84,31.14,56.0,4.2,medium
196,Home & Kitchen,blender ivory 296,82.08,64.27,17.81,67.0,4.0,medium
197,Home & Kitchen,vacuum white 101,72.61,53.52,19.09,63.0,4.0,medium
198,Home & Kitchen,blender yellow 385,138.99,111.04,27.95,40.0,3.8,high
199,Home & Kitchen,air fryer steelblue 586,164.7,126.02,38.68,32.0,3.4,high
200,Home & Kitchen,lamp mediumpurple 521,66.34,38.09,28.25,55.0,3.3,medium
201,Home & Kitchen,cookware ivory 298,165.92,85.71,80.21,44.0,4.833333333333333,high
202,Home & Kitchen,vacuum goldenrod 183,222.36,154.35,68.01,12.0,0.0,high
203,Home & Kitchen,air fryer lawngreen 479,64.68,40.57,24.11,66.0,4.555555555555555,medium
204,Home & Kitchen,coffee maker palegoldenrod 835,128.31,90.94,37.37,52.0,3.857142857142857,high
205,Home & Kitchen,vacuum khaki 106,96.96,60.01,36.95,64.0,3.0,medium
206,Home & Kitchen,toaster green 169,80.11,60.37,19.74,78.0,4.0,medium
207,Home & Kitchen,coffee maker tomato 884,128.97,72.24,56.73,27.0,4.6,high
208,Home & Kitchen,toaster snow 371,56.54,36.16,20.38,82.0,3.6666666666666665,medium
209,Home & Kitchen,toaster mintcream 738,223.44,119.03,104.41,12.0,3.3333333333333335,high
210,Home & Kitchen,vacuum black 596,156.42,120.28,36.14,49.0,4.285714285714286,high
211,Home & Kitchen,vacuum black 709,228.5,118.12,110.38,14.0,4.0,high
212,Home & Kitchen,coffee maker lightseagreen 124,231.26,119.4,111.86,12.0,4.0,high
213,Home & Kitchen,lamp seashell 161,44.06,22.72,21.34,91.0,3.9285714285714284,low
214,Home & Kitchen,coffee maker lightgoldenrodyellow 421,104.4,80.33,24.07,52.0,4.25,medium
215,Home & Kitchen,cookware goldenrod 269,37.17,19.47,17.7,125.0,4.0,low
216,Home & Kitchen,air fryer mediumturquoise 637,55.76,38.79,16.97,73.0,3.9285714285714284,medium
217,Home & Kitchen,cookware rosybrown 842,122.23,72.55,49.68,50.0,4.111111111111111,medium
218,Home & Kitchen,vacuum mediumvioletred 553,211.39,168.16,43.23,17.0,4.0,high
219,Home & Kitchen,coffee maker moccasin 182,36.15,18.92,17.23,100.0,3.611111111111111,low
220,Home & Kitchen,air fryer cyan 674,110.84,84.85,25.99,65.0,3.6666666666666665,medium
221,Home & Kitchen,toaster indigo 941,59.78,36.29,23.49,62.0,4.857142857142857,medium
222,Home & Kitchen,air fryer darkkhaki 150,207.28,130.53,76.75,15.0,0.0,high
223,Home & Kitchen,cookware khaki 557,123.63,75.64,47.99,62.0,4.5,medium
224,Home & Kitchen,coffee maker seashell 585,87.59,63.17,24.42,52.0,4.666666666666667,medium
225,Home & Kitchen,blender gray 740,161.6,92.82,68.78,48.0,3.6666666666666665,high
226,Home & Kitchen,toaster mediumslateblue 575,107.15,65.65,41.5,67.0,4.0,medium
227,Home & Kitchen,blender greenyellow 299,202.8,105.17,97.63,20.0,0.0,high
228,Home & Kitchen,cookware skyblue 471,25.08,17.1,7.98,126.0,3.9473684210526314,low
229,Home & Kitchen,air fryer aliceblue 144,90.39,71.06,19.33,54.0,4.333333333333333,medium
230,Home & Kitchen,air fryer silver 382,189.15,133.71,55.44,23.0,4.333333333333333,high
231,Home & Kitchen,air fryer mediumturquoise 924,10.91,7.93,2.98,138.0,4.111111111111111,low
232,Home & Kitchen,cookware darkblue 945,237.16,123.23,113.93,27.0,3.8,high
233,Home & Kitchen,coffee maker darkorchid 576,35.74,25.54,10.2,98.0,3.909090909090909,low
234,Home & Kitchen,toaster orange 540,102.76,59.12,43.64,74.0,3.75,medium
235,Home & Kitchen,toaster green 287,128.43,99.97,28.46,39.0,4.5,high
236,Home & Kitchen,blender silver 942,202.62,146.2,56.42,21.0,3.5,high
237,Home & Kitchen,cookware fuchsia 435,195.47,133.34,62.13,20.0,5.0,high
238,Home & Kitchen,toaster powderblue 901,86.69,52.76,33.93,53.0,3.7142857142857144,medium
239,Home & Kitchen,lamp mediumseagreen 870,28.96,16.19,12.77,105.0,3.642857142857143,low
240,Home & Kitchen,coffee maker darkcyan 134,69.35,36.02,33.33,77.0,3.909090909090909,medium
241,Home & Kitchen,vacuum orchid 536,142.62,85.25,57.37,47.0,4.5,high
242,Home & Kitchen,blender sandybrown 186,247.08,143.17,103.91,9.0,5.0,high
243,Home & Kitchen,coffee maker palegoldenrod 826,33.14,21.53,11.61,129.0,3.0,low
244,Home & Kitchen,vacuum darkblue 571,51.57,27.84,23.73,75.0,3.6923076923076925,medium
245,Home & Kitchen,lamp dimgray 651,223.9,127.73,96.17,26.0,4.333333333333333,high
246,Home & Kitchen,toaster floralwhite 898,195.73,142.47,53.26,20.0,4.2,high
247,Home & Kitchen,toaster darksalmon 374,80.54,47.02,33.52,56.0,3.0,medium
248,Home & Kitchen,air fryer black 549,70.97,41.03,29.94,76.0,3.4285714285714284,medium
249,Home & Kitchen,coffee maker deeppink 388,54.58,31.15,23.43,83.0,3.2857142857142856,medium
250,Home & Kitchen,lamp seagreen 357,55.18,28.66,26.52,106.0,3.8823529411764706,medium
251,Home & Kitchen,coffee maker darkviolet 927,131.76,75.03,56.73,41.0,4.0,high
252,Home & Kitchen,blender sienna 204,166.8,132.99,33.81,34.0,5.0,high
253,Home & Kitchen,blender mediumvioletred 960,123.94,92.43,31.51,51.0,4.222222222222222,medium
254,Home & Kitchen,vacuum deepskyblue 400,229.45,117.5,111.95,23.0,4.2,high
255,Home & Kitchen,coffee maker darkseagreen 947,38.61,21.5,17.11,96.0,4.25,low
256,Home & Kitchen,lamp beige 624,56.6,29.58,27.02,74.0,3.7777777777777777,medium
257,Home & Kitchen,toaster aquamarine 893,52.66,35.86,16.8,93.0,3.0,medium
258,Home & Kitchen,toaster darkkhaki 752,169.54,85.09,84.45,36.0,4.666666666666667,high
259,Home & Kitchen,lamp violet 138,180.33,109.08,71.25,28.0,3.6,high
260,Home & Kitchen,air fryer darkslategray 361,91.6,47.01,44.59,52.0,3.8333333333333335,medium
261,Home & Kitchen,blender powderblue 308,153.86,107.01,46.85,38.0,4.333333333333333,high
262,Home & Kitchen,toaster goldenrod 794,12.73,7.61,5.12,122.0,3.8947368421052633,low
263,Home & Kitchen,air fryer hotpink 308,54.43,32.31,22.12,109.0,3.8421052631578947,medium
264,Home & Kitchen,blender black 164,200.87,133.46,67.41,28.0,4.0,high
265,Home & Kitchen,vacuum lightcoral 663,34.33,21.24,13.09,157.0,3.95,low
266,Home & Kitchen,coffee maker hotpink 267,163.4,86.17,77.23,31.0,4.166666666666667,high
267,Home & Kitchen,vacuum lightsteelblue 390,176.9,110.2,66.7,25.0,4.25,high
268,Home & Kitchen,cookware steelblue 419,83.82,65.88,17.94,60.0,4.25,medium
269,Home & Kitchen,cookware lawngreen 526,145.96,88.62,57.34,27.0,4.5,high
270,Home & Kitchen,blender mediumorchid 472,217.42,173.72,43.7,19.0,3.6666666666666665,high
271,Home & Kitchen,cookware lightgoldenrodyellow 308,57.33,41.19,16.14,98.0,4.0,medium
272,Home & Kitchen,blender yellowgreen 216,114.2,62.46,51.74,54.0,3.6666666666666665,medium
273,Home & Kitchen,toaster peachpuff 473,31.72,21.36,10.36,101.0,4.1,low
274,Home & Kitchen,vacuum darkseagreen 152,195.53,105.39,90.14,25.0,0.0,high
275,Home & Kitchen,lamp chocolate 506,44.2,32.79,11.41,97.0,3.526315789473684,low
276,Home & Kitchen,blender midnightblue 854,147.49,114.77,32.72,43.0,4.2,high
277,Home & Kitchen,lamp salmon 265,51.2,30.94,20.26,115.0,3.6666666666666665,medium
278,Home & Kitchen,lamp tomato 492,51.23,26.65,24.58,116.0,4.0,medium
279,Home & Kitchen,vacuum peachpuff 924,190.85,140.78,50.07,40.0,5.0,high
280,Home & Kitchen,coffee maker steelblue 144,82.39,61.89,20.5,64.0,4.0,medium
281,Home & Kitchen,vacuum darkseagreen 751,85.49,58.33,27.16,69.0,3.125,medium
282,Home & Kitchen,vacuum white 804,30.71,21.92,8.79,121.0,3.769230769230769,low
283,Home & Kitchen,toaster deeppink 977,223.87,154.94,68.93,6.0,3.0,high
284,Home & Kitchen,coffee maker violet 300,159.05,108.86,50.19,34.0,3.3333333333333335,high
285,Home & Kitchen,toaster teal 142,123.51,82.71,40.8,36.0,4.6,medium
286,Home & Kitchen,vacuum azure 467,235.25,128.67,106.58,24.0,4.2,high
287,Home & Kitchen,blender purple 935,45.87,36.29,9.58,83.0,4.0,low
288,Home & Kitchen,coffee maker gainsboro 875,19.86,13.28,6.58,115.0,4.2,low
289,Home & Kitchen,cookware antiquewhite 220,19.15,14.39,4.76,110.0,3.9411764705882355,low
290,Home & Kitchen,vacuum deeppink 742,153.88,102.33,51.55,42.0,3.5,high
291,Home & Kitchen,toaster forestgreen 696,83.49,52.27,31.22,78.0,4.4,medium
292,Home & Kitchen,coffee maker darkturquoise 557,112.18,78.26,33.92,46.0,3.6666666666666665,medium
293,Home & Kitchen,lamp sienna 733,115.2,58.41,56.79,59.0,3.0,medium
294,Home & Kitchen,vacuum darkorchid 733,121.67,77.14,44.53,35.0,4.428571428571429,medium
295,Home & Kitchen,toaster chocolate 929,206.55,155.11,51.44,25.0,3.3333333333333335,high
296,Home & Kitchen,vacuum mediumorchid 467,106.08,55.18,50.9,67.0,3.7142857142857144,medium
297,Home & Kitchen,vacuum tomato 616,97.68,72.35,25.33,65.0,3.8181818181818183,medium
298,Home & Kitchen,lamp wheat 233,167.7,85.9,81.8,33.0,3.6666666666666665,high
299,Home & Kitchen,blender skyblue 837,231.31,137.43,93.88,17.0,5.0,high
300,Home & Kitchen,lamp darkmagenta 486,29.19,21.18,8.01,100.0,4.166666666666667,low
301,Home & Kitchen,cookware chartreuse 977,238.21,128.84,109.37,18.0,4.25,high
302,Home & Kitchen,blender lightblue 934,249.07,179.24,69.83,8.0,0.0,high
303,Home & Kitchen,blender gold 603,56.49,44.88,11.61,102.0,4.052631578947368,medium
304,Home & Kitchen,air fryer lightsalmon 269,239.59,185.64,53.95,17.0,5.0,high
305,Home & Kitchen,cookware blueviolet 167,199.21,155.22,43.99,40.0,4.333333333333333,high
306,Home & Kitchen,toaster darkgreen 262,94.22,68.48,25.74,48.0,4.375,medium
307,Home & Kitchen,air fryer tan 935,225.17,131.16,94.01,25.0,4.4,high
308,Home & Kitchen,vacuum royalblue 591,44.46,28.93,15.53,87.0,3.909090909090909,low
309,Home & Kitchen,coffee maker black 343,152.05,104.12,47.93,50.0,4.5,high
310,Home & Kitchen,air fryer coral 513,99.34,55.6,43.74,43.0,4.142857142857143,medium
311,Home & Kitchen,coffee maker red 435,162.78,94.98,67.8,31.0,4.142857142857143,high
312,Home & Kitchen,vacuum mediumorchid 217,50.5,37.14,13.36,80.0,4.0,medium
313,Home & Kitchen,toaster tan 468,137.37,94.91,42.46,48.0,4.384615384615385,high
314,Home & Kitchen,toaster thistle 805,118.73,77.94,40.79,49.0,4.4,medium
315,Home & Kitchen,blender green 977,70.49,46.57,23.92,70.0,4.0,medium
316,Home & Kitchen,vacuum lightsalmon 484,187.1,114.4,72.7,21.0,4.2,high
317,Home & Kitchen,air fryer royalblue 882,148.57,90.34,58.23,36.0,3.0,high
318,Home & Kitchen,blender teal 861,116.15,64.23,51.92,48.0,4.0,medium
319,Home & Kitchen,blender white 417,81.13,53.13,28.0,71.0,3.6666666666666665,medium
320,Home & Kitchen,cookware silver 779,241.83,184.05,57.78,20.0,4.333333333333333,high
321,Home & Kitchen,air fryer tan 326,185.93,134.64,51.29,29.0,4.0,high
322,Home & Kitchen,coffee maker lightblue 527,79.83,54.9,24.93,67.0,4.2,medium
323,Home & Kitchen,lamp turquoise 600,97.38,50.09,47.29,51.0,4.363636363636363,medium
324,Home & Kitchen,coffee maker lightgoldenrodyellow 155,157.0,80.65,76.35,39.0,3.6666666666666665,high
325,Home & Kitchen,blender green 635,146.11,86.37,59.74,33.0,4.25,high
326,Home & Kitchen,air fryer rosybrown 408,138.19,86.23,51.96,43.0,3.8333333333333335,high
327,Home & Kitchen,lamp darkslategray 948,42.09,25.67,16.42,119.0,4.3,low
328,Home & Kitchen,vacuum papayawhip 920,48.07,24.24,23.83,91.0,4.1875,low
329,Home & Kitchen,coffee maker darkred 165,179.79,114.21,65.58,10.0,3.3333333333333335,high
330,Home & Kitchen,cookware orangered 376,44.73,31.29,13.44,85.0,3.9375,low
331,Home & Kitchen,vacuum red 157,204.78,161.8,42.98,25.0,3.6,high
332,Home & Kitchen,cookware maroon 708,207.01,158.94,48.07,17.0,3.0,high
333,Home & Kitchen,cookware cornsilk 630,148.83,101.29,47.54,42.0,4.285714285714286,high
334,Home & Kitchen,cookware lawngreen 100,128.28,70.49,57.79,47.0,3.5,high
335,Home & Kitchen,blender pink 290,24.77,12.57,12.2,109.0,3.7333333333333334,low
336,Home & Kitchen,coffee maker cornsilk 207,48.21,37.29,10.92,116.0,4.125,low
337,Home & Kitchen,blender hotpink 301,157.03,109.46,47.57,43.0,4.25,high
338,Home & Kitchen,coffee maker limegreen 758,109.16,71.55,37.61,62.0,3.8181818181818183,medium
339,Home & Kitchen,lamp darkred 727,165.42,103.32,62.1,37.0,5.0,high
340,Home & Kitchen,coffee maker deepskyblue 740,132.06,68.56,63.5,41.0,4.3,high
341,Home & Kitchen,blender moccasin 589,248.57,178.3,70.27,16.0,4.25,high
342,Home & Kitchen,cookware darkturquoise 547,139.22,85.28,53.94,42.0,3.8181818181818183,high
343,Beauty,lipstick lightcoral 771,109.91,57.61,52.3,46.0,3.7142857142857144,medium
344,Beauty,conditioner darkslategray 367,25.17,20.11,5.06,114.0,4.266666666666667,low
345,Beauty,serum seagreen 867,79.06,42.45,36.61,63.0,4.333333333333333,medium
346,Beauty,lipstick indigo 153,113.43,65.67,47.76,46.0,4.333333333333333,medium
347,Beauty,shampoo darkgray 802,78.12,54.98,23.14,86.0,4.0,medium
348,Beauty,sunscreen orchid 322,116.77,68.74,48.03,30.0,4.0,medium
349,Beauty,moisturizer slateblue 366,106.21,53.59,52.62,59.0,4.333333333333333,medium
350,Beauty,serum dodgerblue 263,101.8,57.09,44.71,45.0,4.666666666666667,medium
351,Beauty,lipstick ivory 498,110.22,61.46,48.76,45.0,3.7142857142857144,medium
352,Beauty,shampoo dodgerblue 972,74.14,45.51,28.63,63.0,4.3076923076923075,medium
353,Beauty,lipstick plum 961,110.99,88.18,22.81,49.0,4.4,medium
354,Beauty,sunscreen thistle 814,58.99,44.36,14.63,77.0,4.8,medium
355,Beauty,moisturizer palegreen 842,103.62,65.4,38.22,59.0,4.333333333333333,medium
356,Beauty,serum mediumslateblue 317,70.59,41.81,28.78,82.0,3.875,medium
357,Beauty,conditioner peachpuff 275,76.6,40.09,36.51,79.0,4.125,medium
358,Beauty,serum gray 736,8.79,4.69,4.1,145.0,3.8636363636363638,low
359,Beauty,serum mintcream 129,44.66,24.23,20.43,84.0,3.5454545454545454,low
360,Beauty,moisturizer mediumaquamarine 749,9.79,6.93,2.86,144.0,4.2592592592592595,low
361,Beauty,moisturizer darkgoldenrod 167,85.16,61.4,23.76,65.0,3.5,medium
362,Beauty,sunscreen moccasin 939,92.6,51.84,40.76,79.0,3.5714285714285716,medium
363,Beauty,sunscreen azure 988,107.5,55.88,51.62,49.0,3.857142857142857,medium
364,Beauty,lipstick mediumslateblue 310,113.6,60.45,53.15,58.0,4.555555555555555,medium
365,Beauty,serum salmon 968,17.88,9.12,8.76,119.0,3.9444444444444446,low
366,Beauty,lipstick purple 747,15.06,10.92,4.14,137.0,4.0,low
367,Beauty,shampoo azure 910,59.87,32.32,27.55,76.0,4.090909090909091,medium
368,Beauty,lipstick olivedrab 533,28.57,17.02,11.55,113.0,3.6875,low
369,Beauty,shampoo mediumpurple 389,7.41,4.28,3.13,147.0,4.111111111111111,low
370,Beauty,moisturizer tomato 428,87.31,53.29,34.02,45.0,3.125,medium
371,Beauty,sunscreen lightyellow 733,62.93,47.54,15.39,69.0,4.454545454545454,medium
372,Beauty,lipstick thistle 546,8.56,5.34,3.22,127.0,3.9444444444444446,low
373,Beauty,sunscreen coral 821,93.9,56.72,37.18,69.0,3.1,medium
374,Beauty,moisturizer darkolivegreen 982,66.86,37.77,29.09,68.0,3.5454545454545454,medium
375,Beauty,moisturizer khaki 546,71.07,41.66,29.41,54.0,3.2857142857142856,medium
376,Beauty,moisturizer darkkhaki 868,65.21,38.25,26.96,70.0,3.8333333333333335,medium
377,Beauty,moisturizer darkblue 603,5.5,3.56,1.94,130.0,4.130434782608695,low
378,Beauty,lipstick lightgray 606,96.63,53.66,42.97,43.0,4.166666666666667,medium
379,Beauty,sunscreen lightpink 366,44.93,33.68,11.25,90.0,3.9523809523809526,low
380,Beauty,sunscreen blueviolet 319,113.55,66.44,47.11,54.0,3.857142857142857,medium
381,Beauty,lipstick gainsboro 751,31.63,17.39,14.24,120.0,3.8947368421052633,low
382,Beauty,moisturizer lightpink 674,61.38,48.94,12.44,68.0,3.25,medium
383,Beauty,moisturizer darkseagreen 510,77.21,46.84,30.37,63.0,4.1,medium
384,Beauty,conditioner peru 532,107.56,77.83,29.73,51.0,3.6666666666666665,medium
385,Beauty,lipstick lightgoldenrodyellow 369,7.9,4.44,3.46,100.0,4.0,low
386,Beauty,conditioner palegreen 488,108.64,70.65,37.99,57.0,4.076923076923077,medium
387,Beauty,lipstick deeppink 644,31.86,20.34,11.52,89.0,3.3076923076923075,low
388,Beauty,sunscreen whitesmoke 761,91.76,66.61,25.15,49.0,4.5,medium
389,Beauty,moisturizer thistle 259,45.08,26.96,18.12,74.0,3.727272727272727,low
390,Beauty,conditioner snow 273,81.14,58.63,22.51,52.0,4.0,medium
391,Beauty,conditioner mediumorchid 693,55.46,40.6,14.86,86.0,4.090909090909091,medium
392,Beauty,serum darkcyan 813,19.5,12.45,7.05,148.0,3.7333333333333334,low
393,Beauty,serum lightseagreen 872,63.39,36.78,26.61,63.0,3.6,medium
394,Beauty,lipstick chartreuse 840,100.05,68.55,31.5,57.0,4.285714285714286,medium
395,Beauty,serum gainsboro 717,117.1,83.95,33.15,46.0,4.5,medium
396,Beauty,sunscreen peru 293,45.09,25.74,19.35,84.0,4.1,low
397,Beauty,shampoo cornsilk 204,117.14,84.18,32.96,29.0,3.6666666666666665,medium
398,Beauty,serum lightgreen 493,115.67,61.36,54.31,41.0,4.0,medium
399,Beauty,serum azure 850,118.14,87.24,30.9,57.0,5.0,medium
400,Beauty,shampoo darkcyan 753,55.02,30.75,24.27,77.0,3.6666666666666665,medium
401,Beauty,moisturizer lightgoldenrodyellow 575,37.29,28.55,8.74,77.0,3.9444444444444446,low
402,Beauty,moisturizer darkblue 547,6.45,4.88,1.57,129.0,4.086956521739131,low
403,Beauty,lipstick indigo 403,30.58,24.29,6.29,111.0,3.9285714285714284,low
404,Beauty,conditioner cornflowerblue 855,7.54,4.35,3.19,159.0,3.8095238095238093,low
405,Beauty,conditioner lightgray 973,5.63,3.22,2.41,115.0,3.6875,low
406,Beauty,conditioner darkred 762,85.63,57.91,27.72,59.0,4.5,medium
407,Beauty,conditioner saddlebrown 768,102.29,71.64,30.65,48.0,4.142857142857143,medium
408,Beauty,lipstick aqua 795,85.51,64.62,20.89,61.0,3.142857142857143,medium
409,Beauty,serum mediumslateblue 420,78.78,50.12,28.66,66.0,3.727272727272727,medium
410,Beauty,shampoo papayawhip 529,77.25,40.89,36.36,52.0,3.727272727272727,medium
411,Beauty,serum lightgreen 744,94.97,67.8,27.17,60.0,4.714285714285714,medium
412,Beauty,serum darkseagreen 566,33.76,21.17,12.59,115.0,4.0,low
413,Beauty,moisturizer brown 791,76.48,47.63,28.85,50.0,4.166666666666667,medium
414,Beauty,lipstick violet 770,111.97,62.13,49.84,37.0,4.666666666666667,medium
415,Beauty,shampoo lawngreen 601,94.49,58.26,36.23,59.0,4.428571428571429,medium
416,Beauty,moisturizer darkolivegreen 264,9.39,6.23,3.16,146.0,4.238095238095238,low
417,Beauty,lipstick dodgerblue 631,94.91,74.24,20.67,63.0,3.25,medium
418,Beauty,shampoo lightgray 654,16.63,11.18,5.45,118.0,3.8666666666666667,low
419,Beauty,serum burlywood 754,87.49,57.19,30.3,44.0,4.6,medium
420,Beauty,shampoo gainsboro 567,64.99,40.5,24.49,80.0,4.125,medium
421,Beauty,serum green 626,118.88,66.0,52.88,29.0,4.0,medium
422,Beauty,moisturizer magenta 752,88.85,60.79,28.06,68.0,4.0,medium
423,Beauty,moisturizer linen 162,34.03,20.91,13.12,105.0,3.8666666666666667,low
424,Beauty,moisturizer wheat 743,13.65,10.57,3.08,117.0,3.8666666666666667,low
425,Beauty,lipstick greenyellow 211,82.61,55.68,26.93,55.0,4.2,medium
426,Beauty,serum lightsteelblue 639,39.9,24.74,15.16,98.0,3.9166666666666665,low
427,Beauty,serum rosybrown 573,119.34,94.07,25.27,41.0,3.7142857142857144,medium
428,Beauty,serum steelblue 170,23.92,18.63,5.29,112.0,4.45,low
429,Beauty,lipstick fuchsia 838,27.21,18.85,8.36,92.0,4.714285714285714,low
430,Beauty,serum lightpink 782,98.68,53.67,45.01,34.0,4.333333333333333,medium
431,Beauty,lipstick mediumturquoise 523,100.53,74.25,26.28,47.0,3.6666666666666665,medium
432,Beauty,conditioner azure 765,119.56,87.04,32.52,42.0,3.4444444444444446,medium
433,Beauty,serum lightcoral 902,94.68,60.67,34.01,52.0,4.285714285714286,medium
434,Beauty,serum blue 359,35.75,21.91,13.84,104.0,3.8666666666666667,low
435,Beauty,conditioner aquamarine 924,83.06,53.53,29.53,51.0,3.4,medium
436,Beauty,lipstick azure 770,96.87,58.84,38.03,51.0,4.25,medium
437,Beauty,shampoo tan 738,41.84,27.01,14.83,81.0,3.6363636363636362,low
438,Beauty,lipstick gold 256,14.82,11.4,3.42,118.0,3.75,low
439,Beauty,shampoo thistle 947,103.26,53.4,49.86,31.0,4.5,medium
440,Beauty,sunscreen sienna 243,109.17,80.26,28.91,64.0,4.222222222222222,medium
441,Beauty,sunscreen lemonchiffon 115,100.6,69.41,31.19,52.0,3.75,medium
442,Beauty,lipstick rosybrown 771,6.32,4.96,1.36,166.0,4.052631578947368,low
443,Beauty,shampoo darkmagenta 246,33.75,17.9,15.85,105.0,4.333333333333333,low
444,Beauty,serum plum 903,26.35,16.75,9.6,105.0,4.0,low
445,Beauty,serum snow 647,28.98,17.99,10.99,79.0,4.0,low
446,Beauty,serum yellowgreen 900,75.09,53.04,22.05,66.0,4.214285714285714,medium
447,Beauty,moisturizer orangered 906,81.87,62.89,18.98,47.0,4.416666666666667,medium
448,Beauty,lipstick tan 809,101.46,56.74,44.72,28.0,2.0,medium
449,Beauty,serum linen 549,66.04,47.72,18.32,73.0,3.6666666666666665,medium
450,Beauty,lipstick indianred 370,106.51,70.99,35.52,53.0,3.272727272727273,medium
451,Beauty,conditioner khaki 604,31.93,17.3,14.63,97.0,3.9375,low
452,Beauty,sunscreen mediumspringgreen 247,11.72,7.5,4.22,119.0,4.2,low
453,Beauty,lipstick gray 652,61.51,39.95,21.56,69.0,4.1,medium
454,Beauty,sunscreen darkslategray 960,104.23,52.32,51.91,55.0,3.7,medium
455,Beauty,shampoo palegreen 781,58.82,39.34,19.48,104.0,4.117647058823529,medium
456,Beauty,shampoo mediumturquoise 528,101.67,62.27,39.4,64.0,4.5,medium
457,Beauty,lipstick cadetblue 751,13.67,9.45,4.22,100.0,4.25,low
458,Beauty,lipstick darkseagreen 798,8.28,5.65,2.63,124.0,4.0,low
459,Beauty,lipstick aquamarine 196,112.12,67.18,44.94,36.0,4.111111111111111,medium
460,Beauty,sunscreen cornsilk 247,60.68,44.12,16.56,70.0,3.8,medium
461,Beauty,moisturizer lightcyan 229,29.54,18.45,11.09,93.0,4.444444444444445,low
462,Beauty,shampoo plum 449,15.86,11.07,4.79,109.0,3.9444444444444446,low
463,Beauty,conditioner dodgerblue 315,94.53,62.98,31.55,57.0,3.3846153846153846,medium
464,Beauty,shampoo chartreuse 667,55.05,34.5,20.55,85.0,4.176470588235294,medium
465,Beauty,moisturizer darkblue 947,100.07,58.83,41.24,40.0,4.166666666666667,medium
466,Beauty,conditioner olive 378,51.43,33.49,17.94,78.0,4.0,medium
467,Beauty,sunscreen tan 604,44.65,25.05,19.6,99.0,3.923076923076923,low
468,Beauty,moisturizer lightskyblue 406,43.05,25.62,17.43,89.0,3.923076923076923,low
469,Beauty,serum lemonchiffon 903,72.44,50.02,22.42,45.0,4.285714285714286,medium
470,Beauty,moisturizer lightyellow 515,50.87,33.89,16.98,72.0,4.0,medium
471,Beauty,sunscreen brown 211,71.02,44.0,27.02,61.0,3.9,medium
472,Beauty,moisturizer salmon 586,10.34,7.72,2.62,123.0,4.235294117647059,low
473,Beauty,sunscreen ghostwhite 612,93.09,48.22,44.87,46.0,3.6,medium
474,Beauty,sunscreen dimgray 741,75.35,51.62,23.73,76.0,3.5555555555555554,medium
475,Beauty,lipstick lightgreen 797,85.09,57.77,27.32,72.0,4.0,medium
476,Beauty,moisturizer rosybrown 568,29.44,20.61,8.83,110.0,4.0625,low
477,Beauty,lipstick aliceblue 285,92.71,49.17,43.54,53.0,3.8333333333333335,medium
478,Beauty,moisturizer lightgray 771,53.48,28.35,25.13,91.0,4.444444444444445,medium
479,Beauty,moisturizer moccasin 905,47.42,35.41,12.01,96.0,3.764705882352941,low
480,Beauty,shampoo mediumpurple 409,69.64,40.21,29.43,52.0,3.6153846153846154,medium
481,Beauty,serum mediumblue 541,53.51,31.87,21.64,82.0,4.0588235294117645,medium
482,Beauty,sunscreen lemonchiffon 155,78.8,61.48,17.32,53.0,4.2727272727272725,medium
483,Beauty,conditioner blanchedalmond 221,70.26,35.96,34.3,60.0,3.7777777777777777,medium
484,Beauty,conditioner magenta 557,71.16,55.19,15.97,65.0,4.222222222222222,medium
485,Beauty,moisturizer indianred 706,6.63,4.09,2.54,146.0,3.6666666666666665,low
486,Beauty,lipstick mintcream 522,117.79,75.7,42.09,56.0,3.888888888888889,medium
487,Beauty,sunscreen gainsboro 317,16.73,11.6,5.13,134.0,3.8214285714285716,low
488,Beauty,serum aliceblue 109,77.09,48.42,28.67,53.0,4.25,medium
489,Beauty,lipstick mediumseagreen 979,81.98,65.26,16.72,50.0,3.5714285714285716,medium
490,Beauty,moisturizer olive 583,30.1,16.15,13.95,87.0,4.0,low
491,Beauty,moisturizer darkblue 561,36.68,24.6,12.08,100.0,4.1875,low
492,Beauty,lipstick sienna 474,90.58,70.37,20.21,54.0,3.7,medium
493,Beauty,lipstick lightseagreen 847,87.06,65.87,21.19,65.0,4.3,medium
494,Beauty,moisturizer steelblue 610,38.71,25.83,12.88,88.0,4.4,low
495,Beauty,conditioner green 153,82.0,62.89,19.11,55.0,3.75,medium
496,Beauty,lipstick lightblue 766,8.68,4.5,4.18,179.0,3.8076923076923075,low
497,Beauty,lipstick tan 418,98.99,51.86,47.13,60.0,3.6666666666666665,medium
498,Beauty,shampoo antiquewhite 981,88.89,48.87,40.02,58.0,3.875,medium
499,Beauty,conditioner darkgoldenrod 688,75.03,44.63,30.4,62.0,2.0,medium
500,Beauty,lipstick lightgray 248,55.45,38.98,16.47,95.0,4.384615384615385,medium
501,Beauty,moisturizer darkcyan 744,46.78,32.44,14.34,107.0,3.7,low
502,Beauty,conditioner darkturquoise 563,59.85,43.9,15.95,74.0,3.875,medium
503,Beauty,shampoo palegoldenrod 399,95.23,63.81,31.42,58.0,3.6666666666666665,medium
504,Beauty,shampoo blueviolet 820,11.97,9.48,2.49,146.0,3.92,low
505,Beauty,sunscreen orangered 115,43.18,29.44,13.74,92.0,4.166666666666667,low
506,Beauty,serum beige 538,74.13,43.93,30.2,69.0,4.25,medium
507,Beauty,serum lime 716,48.32,34.09,14.23,98.0,4.25,low
508,Beauty,serum limegreen 101,97.86,57.25,40.61,43.0,4.555555555555555,medium
509,Beauty,shampoo lavender 700,35.25,22.09,13.16,88.0,3.7142857142857144,low
510,Beauty,moisturizer darkblue 988,38.18,20.7,17.48,84.0,4.076923076923077,low
511,Beauty,sunscreen wheat 916,21.9,17.36,4.54,100.0,3.9473684210526314,low
512,Beauty,sunscreen deepskyblue 455,83.73,64.82,18.91,44.0,0.0,medium
513,Beauty,sunscreen orange 916,14.78,9.84,4.94,119.0,3.8421052631578947,low
514,Sports,cycling helmet mediumorchid 339,66.53,48.24,18.29,98.0,4.3076923076923075,medium
515,Sports,tennis racket snow 576,185.21,130.26,54.95,28.0,5.0,high
516,Sports,dumbbell deeppink 109,278.39,188.17,90.22,10.0,4.0,high
517,Sports,cycling helmet lightskyblue 925,142.24,74.86,67.38,49.0,3.6666666666666665,high
518,Sports,tennis racket darkviolet 693,233.47,133.05,100.42,26.0,3.5,high
519,Sports,water bottle brown 634,269.9,206.62,63.28,9.0,0.0,high
520,Sports,tennis racket thistle 293,147.16,99.6,47.56,48.0,4.2,high
521,Sports,dumbbell pink 817,64.16,35.56,28.6,95.0,4.090909090909091,medium
522,Sports,tennis racket tan 512,113.95,76.27,37.68,71.0,3.875,medium
523,Sports,water bottle darkslategray 605,258.23,148.2,110.03,9.0,5.0,high
524,Sports,tennis racket violet 574,260.98,159.59,101.39,13.0,0.0,high
525,Sports,yoga mat tan 453,53.6,36.4,17.2,97.0,4.090909090909091,medium
526,Sports,tennis racket azure 134,159.68,80.83,78.85,38.0,3.5714285714285716,high
527,Sports,dumbbell khaki 597,297.2,225.82,71.38,3.0,5.0,high
528,Sports,water bottle darkblue 897,173.62,100.44,73.18,29.0,4.5,high
529,Sports,tennis racket black 885,132.38,103.78,28.6,56.0,4.428571428571429,high
530,Sports,water bottle blueviolet 360,247.1,194.97,52.13,11.0,2.0,high
531,Sports,yoga mat darkslateblue 487,106.94,85.38,21.56,49.0,3.6363636363636362,medium
532,Sports,yoga mat mistyrose 478,16.04,8.19,7.85,107.0,4.2,low
533,Sports,cycling helmet darkkhaki 165,150.16,113.17,36.99,58.0,4.857142857142857,high
534,Sports,water bottle oldlace 823,194.83,151.31,43.52,24.0,3.75,high
535,Sports,yoga mat royalblue 756,83.1,55.62,27.48,78.0,4.0,medium
536,Sports,yoga mat burlywood 502,287.27,201.35,85.92,6.0,3.0,high
537,Sports,dumbbell azure 340,138.92,76.12,62.8,49.0,3.857142857142857,high
538,Sports,dumbbell white 460,58.26,45.59,12.67,82.0,3.2777777777777777,medium
539,Sports,yoga mat lemonchiffon 957,271.6,209.5,62.1,18.0,4.333333333333333,high
540,Sports,yoga mat slategray 857,83.31,54.48,28.83,81.0,4.25,medium
541,Sports,cycling helmet lightgray 873,24.28,13.19,11.09,113.0,3.7777777777777777,low
542,Sports,yoga mat aliceblue 405,282.3,198.48,83.82,8.0,3.6666666666666665,high
543,Sports,water bottle saddlebrown 207,180.71,131.44,49.27,27.0,4.166666666666667,high
544,Sports,cycling helmet cornflowerblue 227,102.58,59.2,43.38,62.0,3.888888888888889,medium
545,Sports,tennis racket steelblue 344,148.54,81.78,66.76,31.0,4.0,high
546,Sports,dumbbell whitesmoke 579,274.98,211.09,63.89,10.0,0.0,high
547,Sports,dumbbell darkgoldenrod 952,241.26,131.99,109.27,13.0,3.0,high
548,Sports,dumbbell violet 482,30.71,21.05,9.66,129.0,4.533333333333333,low
549,Sports,dumbbell coral 494,235.27,185.25,50.02,19.0,3.3333333333333335,high
550,Sports,yoga mat sienna 447,191.48,121.72,69.76,33.0,5.0,high
551,Sports,tennis racket lightcoral 743,248.33,159.74,88.59,24.0,3.5,high
552,Sports,tennis racket crimson 158,49.69,28.15,21.54,71.0,3.857142857142857,medium
553,Sports,dumbbell lightgray 248,216.41,144.13,72.28,18.0,3.6666666666666665,high
554,Sports,cycling helmet lavenderblush 521,262.25,152.08,110.17,13.0,4.5,high
555,Sports,dumbbell greenyellow 959,53.46,31.08,22.38,107.0,3.142857142857143,medium
556,Sports,tennis racket lavender 602,105.68,58.16,47.52,44.0,3.909090909090909,medium
557,Sports,yoga mat salmon 216,100.88,77.77,23.11,72.0,3.111111111111111,medium
558,Sports,dumbbell snow 906,293.76,151.89,141.87,15.0,4.0,high
559,Sports,dumbbell olive 222,171.5,128.73,42.77,35.0,4.75,high
560,Sports,tennis racket crimson 542,228.42,180.73,47.69,7.0,4.0,high
561,Sports,tennis racket silver 199,299.44,232.82,66.62,7.0,3.5,high
562,Sports,cycling helmet lightslategray 158,92.51,71.13,21.38,63.0,3.75,medium
563,Sports,tennis racket brown 552,50.15,34.7,15.45,96.0,4.277777777777778,medium
564,Sports,water bottle gray 101,107.54,58.29,49.25,68.0,4.230769230769231,medium
565,Sports,water bottle crimson 141,91.63,55.71,35.92,83.0,4.0,medium
566,Sports,cycling helmet darkviolet 241,71.73,48.16,23.57,73.0,4.125,medium
567,Sports,dumbbell mediumpurple 279,160.32,91.24,69.08,31.0,4.0,high
568,Sports,dumbbell lightcyan 723,183.39,137.3,46.09,37.0,3.5,high
569,Sports,cycling helmet limegreen 240,230.29,127.26,103.03,11.0,3.0,high
570,Sports,water bottle darkslateblue 296,203.61,140.19,63.42,27.0,3.6,high
571,Sports,water bottle aquamarine 808,97.95,49.27,48.68,58.0,2.857142857142857,medium
572,Sports,water bottle skyblue 156,127.17,91.12,36.05,29.0,4.0,medium
573,Sports,water bottle chocolate 962,244.71,146.96,97.75,20.0,4.142857142857143,high
574,Sports,cycling helmet slateblue 881,34.38,21.41,12.97,94.0,4.2,low
575,Sports,cycling helmet lightgreen 354,46.92,32.83,14.09,82.0,4.333333333333333,low
576,Sports,dumbbell darkgreen 137,172.43,137.2,35.23,36.0,3.5714285714285716,high
577,Sports,dumbbell indianred 978,213.06,143.28,69.78,25.0,5.0,high
578,Sports,yoga mat slategray 628,112.0,87.32,24.68,44.0,4.142857142857143,medium
579,Sports,yoga mat lightsteelblue 936,43.27,30.91,12.36,119.0,4.083333333333333,low
580,Sports,tennis racket tomato 690,235.5,179.08,56.42,15.0,4.0,high
581,Sports,yoga mat lightslategray 848,93.13,49.57,43.56,57.0,4.222222222222222,medium
582,Sports,cycling helmet sandybrown 923,138.36,70.24,68.12,48.0,3.875,high
583,Sports,water bottle seagreen 190,47.24,27.07,20.17,103.0,3.7333333333333334,low
584,Sports,dumbbell seagreen 419,188.77,103.89,84.88,37.0,4.0,high
585,Sports,tennis racket darkorchid 119,170.17,133.86,36.31,32.0,3.6666666666666665,high
586,Sports,yoga mat green 367,278.48,200.96,77.52,11.0,5.0,high
587,Sports,yoga mat magenta 575,252.5,174.49,78.01,19.0,3.0,high
588,Sports,water bottle darkblue 459,77.6,49.14,28.46,74.0,4.166666666666667,medium
589,Sports,yoga mat sienna 226,217.39,111.64,105.75,17.0,4.5,high
590,Sports,cycling helmet azure 386,152.13,98.92,53.21,32.0,4.5,high
591,Sports,yoga mat lightsteelblue 240,43.63,27.12,16.51,100.0,3.642857142857143,low
592,Sports,water bottle salmon 250,180.81,137.11,43.7,32.0,3.0,high
593,Sports,water bottle crimson 945,142.92,88.47,54.45,41.0,4.0,high
594,Sports,yoga mat tan 530,281.77,173.75,108.02,12.0,4.666666666666667,high
595,Sports,water bottle royalblue 505,253.2,166.53,86.67,20.0,5.0,high
596,Sports,yoga mat lightgreen 346,234.86,141.28,93.58,12.0,4.25,high
597,Sports,tennis racket orange 677,216.93,163.33,53.6,30.0,4.0,high
598,Sports,tennis racket honeydew 154,245.99,185.55,60.44,8.0,5.0,high
599,Sports,tennis racket honeydew 461,159.07,125.25,33.82,34.0,4.142857142857143,high
600,Sports,dumbbell crimson 111,262.19,183.25,78.94,19.0,3.3333333333333335,high
601,Sports,tennis racket darkgoldenrod 432,39.84,22.16,17.68,109.0,4.0,low
602,Sports,cycling helmet darkturquoise 330,66.63,46.69,19.94,92.0,4.357142857142857,medium
603,Sports,dumbbell violet 564,130.85,81.01,49.84,31.0,4.0,high
604,Sports,yoga mat lightgray 141,244.31,186.97,57.34,9.0,3.5,high
605,Sports,yoga mat mistyrose 794,260.76,178.95,81.81,11.0,0.0,high
606,Sports,water bottle darkseagreen 136,87.84,58.21,29.63,56.0,4.285714285714286,medium
607,Sports,water bottle teal 113,37.35,20.04,17.31,97.0,3.4444444444444446,low
608,Sports,cycling helmet lightseagreen 215,77.1,39.46,37.64,71.0,4.2727272727272725,medium
609,Sports,tennis racket darkolivegreen 161,109.49,60.23,49.26,60.0,4.111111111111111,medium
610,Sports,water bottle moccasin 374,288.05,223.62,64.43,9.0,3.0,high
611,Sports,yoga mat lavender 251,144.19,95.19,49.0,44.0,3.8333333333333335,high
612,Sports,cycling helmet springgreen 400,44.18,23.83,20.35,107.0,4.214285714285714,low
613,Sports,cycling helmet slateblue 853,176.58,102.81,73.77,30.0,4.25,high
614,Sports,yoga mat orangered 565,224.2,131.41,92.79,20.0,4.5,high
615,Sports,water bottle bisque 495,210.89,119.47,91.42,17.0,4.2,high
616,Sports,dumbbell dimgray 661,168.18,102.6,65.58,36.0,4.0,high
617,Sports,tennis racket aliceblue 417,186.94,119.77,67.17,38.0,4.0,high
618,Sports,yoga mat slategray 624,78.74,44.6,34.14,74.0,4.090909090909091,medium
619,Sports,water bottle royalblue 112,119.89,81.01,38.88,43.0,2.75,medium
620,Sports,tennis racket palegreen 431,55.39,43.52,11.87,103.0,4.294117647058823,medium
621,Sports,water bottle limegreen 999,103.04,59.86,43.18,65.0,4.5,medium
622,Sports,dumbbell darkturquoise 262,94.29,68.99,25.3,72.0,3.6,medium
623,Sports,water bottle papayawhip 550,27.51,20.95,6.56,120.0,3.9444444444444446,low
624,Sports,yoga mat mediumturquoise 462,158.96,119.27,39.69,50.0,4.166666666666667,high
625,Sports,yoga mat oldlace 793,160.11,127.57,32.54,39.0,3.6666666666666665,high
626,Sports,dumbbell maroon 243,129.69,90.84,38.85,49.0,2.3333333333333335,high
627,Sports,dumbbell darkorchid 940,187.96,141.91,46.05,37.0,4.0,high
628,Sports,water bottle mediumpurple 877,35.76,27.07,8.69,99.0,3.875,low
629,Sports,cycling helmet aliceblue 747,86.46,59.59,26.87,62.0,3.4,medium
630,Sports,dumbbell mediumorchid 520,128.61,68.29,60.32,60.0,3.875,high
631,Sports,water bottle mediumslateblue 685,179.06,116.28,62.78,36.0,3.2,high
632,Sports,dumbbell orchid 993,130.03,95.59,34.44,48.0,3.25,high
633,Sports,water bottle darkorchid 563,185.34,113.77,71.57,37.0,3.8333333333333335,high
634,Sports,cycling helmet gray 461,92.11,55.8,36.31,64.0,4.0,medium
635,Sports,cycling helmet aquamarine 763,161.63,109.69,51.94,34.0,4.5,high
636,Sports,tennis racket lightsteelblue 611,9.97,7.22,2.75,120.0,3.8666666666666667,low
637,Sports,cycling helmet lightcoral 411,137.66,76.44,61.22,55.0,3.75,high
638,Sports,dumbbell navy 337,135.21,82.9,52.31,47.0,3.875,high
639,Sports,yoga mat coral 963,247.92,148.51,99.41,11.0,0.0,high
640,Sports,water bottle orangered 309,252.74,199.07,53.67,11.0,5.0,high
641,Sports,cycling helmet orange 126,268.25,211.05,57.2,8.0,3.0,high
642,Sports,yoga mat crimson 407,82.91,63.74,19.17,60.0,3.3333333333333335,medium
643,Sports,water bottle mistyrose 547,233.86,154.71,79.15,30.0,1.0,high
644,Sports,water bottle pink 540,249.1,178.89,70.21,11.0,0.0,high
645,Sports,cycling helmet lightsalmon 792,143.56,73.53,70.03,35.0,4.4,high
646,Sports,tennis racket burlywood 169,140.29,70.58,69.71,43.0,4.714285714285714,high
647,Sports,water bottle lightseagreen 612,74.95,46.68,28.27,99.0,3.923076923076923,medium
648,Sports,cycling helmet darkkhaki 257,197.37,153.66,43.71,20.0,0.0,high
649,Sports,dumbbell cadetblue 550,289.63,187.11,102.52,7.0,5.0,high
650,Sports,water bottle lightslategray 808,270.55,182.95,87.6,16.0,5.0,high
651,Sports,water bottle deeppink 471,225.97,119.24,106.73,16.0,2.0,high
652,Sports,tennis racket lightblue 418,115.06,60.12,54.94,54.0,3.3333333333333335,medium
653,Sports,water bottle lightgreen 401,59.27,41.3,17.97,72.0,4.3,medium
654,Sports,tennis racket powderblue 530,247.6,197.36,50.24,18.0,4.0,high
655,Sports,dumbbell teal 312,161.02,119.94,41.08,40.0,4.666666666666667,high
656,Sports,water bottle maroon 161,268.8,167.64,101.16,7.0,5.0,high
657,Sports,water bottle gold 746,184.11,111.56,72.55,45.0,4.333333333333333,high
658,Sports,yoga mat navy 102,209.99,105.67,104.32,35.0,4.5,high
659,Sports,tennis racket pink 411,215.51,143.5,72.01,31.0,3.0,high
660,Sports,cycling helmet black 784,253.91,171.61,82.3,10.0,4.0,high
661,Sports,yoga mat palegoldenrod 666,65.42,42.48,22.94,71.0,3.7777777777777777,medium
662,Sports,water bottle greenyellow 644,85.68,59.47,26.21,73.0,4.0,medium
663,Sports,water bottle cyan 520,299.16,201.14,98.02,3.0,4.0,high
664,Sports,water bottle burlywood 877,43.48,23.78,19.7,106.0,4.0,low
665,Sports,water bottle palevioletred 274,39.14,20.75,18.39,126.0,4.0,low
666,Sports,water bottle royalblue 540,151.2,96.81,54.39,42.0,4.25,high
667,Sports,yoga mat darkslategray 692,197.83,139.54,58.29,21.0,3.75,high
668,Sports,tennis racket lightslategray 382,50.03,28.59,21.44,87.0,3.7,medium
669,Sports,dumbbell slateblue 979,17.6,12.12,5.48,142.0,3.9523809523809526,low
670,Sports,water bottle burlywood 738,26.4,14.72,11.68,113.0,4.08,low
671,Sports,cycling helmet darksalmon 505,13.71,7.76,5.95,123.0,3.5555555555555554,low
672,Sports,water bottle floralwhite 155,231.1,118.6,112.5,14.0,4.25,high
673,Sports,water bottle seashell 263,77.58,43.98,33.6,58.0,4.0,medium
674,Sports,water bottle papayawhip 987,257.58,153.12,104.46,5.0,2.0,high
675,Sports,cycling helmet mediumspringgreen 607,96.67,65.81,30.86,63.0,3.142857142857143,medium
676,Sports,yoga mat lightskyblue 835,78.93,48.69,30.24,57.0,4.545454545454546,medium
677,Sports,water bottle lime 996,72.65,43.06,29.59,74.0,3.5714285714285716,medium
678,Sports,cycling helmet lightcyan 189,14.55,11.06,3.49,121.0,4.0,low
679,Sports,dumbbell lightgoldenrodyellow 107,57.62,35.36,22.26,108.0,3.7857142857142856,medium
680,Sports,tennis racket palegreen 443,123.64,75.28,48.36,71.0,4.857142857142857,medium
681,Sports,water bottle lawngreen 766,262.47,157.68,104.79,10.0,5.0,high
682,Sports,yoga mat limegreen 459,288.68,180.91,107.77,9.0,4.0,high
683,Sports,water bottle skyblue 390,79.52,44.32,35.2,87.0,4.133333333333334,medium
684,Sports,tennis racket orangered 780,77.26,39.44,37.82,89.0,4.363636363636363,medium
685,Fashion,t-shirt darkorchid 822,73.55,40.21,33.34,69.0,3.7142857142857144,medium
686,Fashion,jeans firebrick 955,25.79,14.98,10.81,125.0,3.588235294117647,low
687,Fashion,socks dodgerblue 956,32.54,20.6,11.94,87.0,3.909090909090909,low
688,Fashion,socks crimson 461,162.55,89.04,73.51,27.0,3.6666666666666665,high
689,Fashion,jeans honeydew 694,146.71,89.94,56.77,38.0,3.3333333333333335,high
690,Fashion,jeans steelblue 309,65.07,41.83,23.24,81.0,4.222222222222222,medium
691,Fashion,jeans springgreen 823,172.81,121.41,51.4,34.0,3.5,high
692,Fashion,sneakers indigo 476,122.42,77.38,45.04,55.0,3.625,medium
693,Fashion,dress royalblue 317,55.28,37.73,17.55,77.0,4.5,medium
694,Fashion,jeans mediumseagreen 625,175.5,94.21,81.29,30.0,3.5714285714285716,high
695,Fashion,t-shirt royalblue 890,112.18,65.19,46.99,59.0,3.6,medium
696,Fashion,socks pink 681,81.88,57.09,24.79,59.0,3.888888888888889,medium
697,Fashion,jeans darkslategray 188,67.67,41.75,25.92,61.0,3.6,medium
698,Fashion,hoodie goldenrod 428,41.99,31.72,10.27,112.0,3.7058823529411766,low
699,Fashion,jeans lemonchiffon 675,135.25,72.05,63.2,51.0,3.2857142857142856,high
700,Fashion,sneakers darkgoldenrod 297,162.59,118.29,44.3,22.0,4.0,high
701,Fashion,t-shirt forestgreen 395,145.99,76.85,69.14,39.0,4.375,high
702,Fashion,jeans mediumspringgreen 464,164.83,102.14,62.69,46.0,4.222222222222222,high
703,Fashion,jacket darkgoldenrod 743,170.12,108.76,61.36,27.0,3.5,high
704,Fashion,hoodie mediumaquamarine 383,173.37,93.56,79.81,32.0,3.3333333333333335,high
705,Fashion,jeans lawngreen 779,13.68,9.63,4.05,97.0,3.625,low
706,Fashion,hoodie navajowhite 774,75.47,47.08,28.39,69.0,4.0,medium
707,Fashion,hoodie lightgoldenrodyellow 967,142.26,81.73,60.53,57.0,4.222222222222222,high
708,Fashion,jacket green 286,75.61,52.07,23.54,56.0,3.888888888888889,medium
709,Fashion,sneakers beige 851,30.12,23.31,6.81,97.0,4.411764705882353,low
710,Fashion,jeans palevioletred 140,144.82,74.17,70.65,29.0,2.5,high
711,Fashion,dress olivedrab 410,39.11,21.88,17.23,111.0,4.230769230769231,low
712,Fashion,jeans palevioletred 418,81.1,41.5,39.6,68.0,4.0,medium
713,Fashion,hoodie violet 959,130.56,72.32,58.24,35.0,4.0,high
714,Fashion,jeans honeydew 360,117.47,83.99,33.48,53.0,4.0,medium
715,Fashion,jacket oldlace 100,136.67,91.92,44.75,35.0,3.4444444444444446,high
716,Fashion,t-shirt lightpink 393,168.18,123.27,44.91,44.0,4.375,high
717,Fashion,t-shirt mediumslateblue 812,176.02,118.91,57.11,37.0,3.5,high
718,Fashion,t-shirt chocolate 138,195.03,137.36,57.67,36.0,4.0,high
719,Fashion,socks springgreen 453,69.16,50.7,18.46,61.0,3.6,medium
720,Fashion,hoodie lightseagreen 861,183.42,114.67,68.75,24.0,0.0,high
721,Fashion,jacket mistyrose 326,199.64,136.67,62.97,30.0,4.5,high
722,Fashion,sneakers darksalmon 534,109.25,66.06,43.19,28.0,4.666666666666667,medium
723,Fashion,jacket steelblue 856,186.6,132.02,54.58,27.0,4.0,high
724,Fashion,hoodie wheat 563,167.36,115.22,52.14,27.0,5.0,high
725,Fashion,dress indianred 538,18.43,13.08,5.35,99.0,3.9047619047619047,low
726,Fashion,hoodie darkgoldenrod 230,106.28,82.73,23.55,36.0,4.2,medium
727,Fashion,jacket lightpink 819,154.29,79.17,75.12,30.0,4.5,high
728,Fashion,socks lightblue 659,162.7,94.1,68.6,23.0,3.5,high
729,Fashion,jeans olivedrab 656,194.13,134.19,59.94,26.0,4.0,high
730,Fashion,sneakers palegoldenrod 466,55.94,28.97,26.97,77.0,4.2,medium
731,Fashion,sneakers rosybrown 418,87.03,48.77,38.26,84.0,4.05,medium
732,Fashion,jeans plum 786,34.22,24.37,9.85,90.0,4.428571428571429,low
733,Fashion,jacket magenta 627,53.67,30.73,22.94,72.0,3.6,medium
734,Fashion,hoodie beige 459,93.45,72.96,20.49,46.0,4.625,medium
735,Fashion,hoodie darksalmon 245,65.48,50.12,15.36,62.0,3.625,medium
736,Fashion,dress blanchedalmond 934,116.15,69.7,46.45,37.0,4.0,medium
737,Fashion,t-shirt peru 273,113.27,82.48,30.79,48.0,4.5,medium
738,Fashion,hoodie sienna 572,135.97,92.41,43.56,48.0,4.2,high
739,Fashion,socks slategray 217,155.1,116.22,38.88,24.0,4.0,high
740,Fashion,hoodie aliceblue 311,63.55,38.65,24.9,107.0,4.294117647058823,medium
741,Fashion,t-shirt cornsilk 301,19.58,11.44,8.14,143.0,3.9545454545454546,low
742,Fashion,t-shirt orangered 215,142.71,90.54,52.17,46.0,4.375,high
743,Fashion,jeans wheat 471,70.3,45.03,25.27,63.0,4.125,medium
744,Fashion,sneakers seagreen 111,40.27,21.0,19.27,83.0,4.235294117647059,low
745,Fashion,jacket rosybrown 185,198.49,143.93,54.56,26.0,3.5,high
746,Fashion,hoodie lightblue 677,145.69,115.69,30.0,25.0,3.5,high
747,Fashion,sneakers darkmagenta 544,28.89,18.68,10.21,107.0,4.0,low
748,Fashion,jacket ivory 108,44.44,29.46,14.98,94.0,3.611111111111111,low
749,Fashion,sneakers deepskyblue 742,184.55,127.96,56.59,25.0,3.25,high
750,Fashion,dress deeppink 357,187.57,130.51,57.06,27.0,3.75,high
751,Fashion,hoodie turquoise 128,55.23,29.91,25.32,67.0,3.3333333333333335,medium
752,Fashion,t-shirt darkmagenta 403,156.69,117.81,38.88,25.0,4.0,high
753,Fashion,sneakers salmon 966,43.66,30.19,13.47,114.0,3.3846153846153846,low
754,Fashion,hoodie darkblue 950,40.34,29.67,10.67,71.0,3.3333333333333335,low
755,Fashion,sneakers blueviolet 288,150.53,90.02,60.51,39.0,4.125,high
756,Fashion,hoodie aliceblue 477,166.46,99.22,67.24,35.0,5.0,high
757,Fashion,jeans darksalmon 951,113.82,69.52,44.3,44.0,3.875,medium
758,Fashion,sneakers lavender 680,53.96,27.65,26.31,95.0,4.2727272727272725,medium
759,Fashion,socks blue 822,128.62,95.94,32.68,60.0,4.1,high
760,Fashion,jacket limegreen 606,181.8,142.44,39.36,32.0,5.0,high
761,Fashion,jacket darksalmon 406,103.91,56.86,47.05,59.0,4.857142857142857,medium
762,Fashion,dress lightcoral 804,119.57,62.66,56.91,49.0,4.428571428571429,medium
763,Fashion,jeans wheat 511,39.42,24.95,14.47,66.0,3.7142857142857144,low
764,Fashion,t-shirt powderblue 590,195.98,148.0,47.98,31.0,3.8333333333333335,high
765,Fashion,jeans darkolivegreen 132,49.91,30.53,19.38,94.0,3.6666666666666665,medium
766,Fashion,socks darkgreen 623,125.26,93.95,31.31,35.0,3.0,medium
767,Fashion,jacket cornsilk 156,35.49,18.51,16.98,78.0,3.5,low
768,Fashion,dress lime 164,144.47,110.84,33.63,25.0,3.6666666666666665,high
769,Fashion,jacket violet 280,9.69,7.62,2.07,142.0,3.8333333333333335,low
770,Fashion,hoodie goldenrod 553,39.58,23.3,16.28,109.0,4.0,low
771,Fashion,socks orange 300,116.17,70.22,45.95,50.0,2.6666666666666665,medium
772,Fashion,jacket lightgoldenrodyellow 571,24.33,14.53,9.8,108.0,4.0,low
773,Fashion,jacket ivory 986,194.49,150.27,44.22,22.0,3.75,high
774,Fashion,jeans aliceblue 734,195.08,153.83,41.25,13.0,3.5,high
775,Fashion,t-shirt aqua 792,163.74,84.82,78.92,38.0,4.0,high
776,Fashion,sneakers whitesmoke 684,124.96,73.62,51.34,50.0,3.75,medium
777,Fashion,jacket limegreen 762,190.94,123.01,67.93,32.0,3.5,high
778,Fashion,jeans salmon 748,65.47,39.48,25.99,75.0,4.266666666666667,medium
779,Fashion,t-shirt lightseagreen 857,170.84,96.82,74.02,23.0,4.5,high
780,Fashion,jacket maroon 692,140.74,76.57,64.17,40.0,3.5,high
781,Fashion,sneakers lemonchiffon 468,114.54,89.68,24.86,43.0,4.375,medium
782,Fashion,dress sienna 367,54.13,34.23,19.9,90.0,3.6923076923076925,medium
783,Fashion,t-shirt violet 307,51.63,40.82,10.81,109.0,3.5625,medium
784,Fashion,dress lavenderblush 957,151.97,86.07,65.9,34.0,4.0,high
785,Fashion,sneakers lightblue 786,132.74,73.84,58.9,41.0,4.666666666666667,high
786,Fashion,sneakers black 569,144.15,81.89,62.26,43.0,3.8,high
787,Fashion,jeans palevioletred 853,111.92,79.35,32.57,55.0,4.0,medium
788,Fashion,dress linen 971,182.58,122.34,60.24,38.0,4.0,high
789,Fashion,jacket chartreuse 237,138.46,102.47,35.99,38.0,4.5,high
790,Fashion,socks beige 958,104.6,68.22,36.38,59.0,3.75,medium
791,Fashion,socks goldenrod 838,190.03,130.74,59.29,33.0,4.333333333333333,high
792,Fashion,dress springgreen 501,27.6,20.67,6.93,134.0,3.7058823529411766,low
793,Fashion,dress peachpuff 676,40.88,32.21,8.67,70.0,2.9285714285714284,low
794,Fashion,jacket cyan 894,156.8,84.84,71.96,31.0,3.8333333333333335,high
795,Fashion,dress lightcyan 481,19.05,10.88,8.17,137.0,4.066666666666666,low
796,Fashion,t-shirt khaki 318,10.91,7.4,3.51,134.0,4.1,low
797,Fashion,jacket peru 536,65.59,46.72,18.87,68.0,4.071428571428571,medium
798,Fashion,t-shirt navajowhite 676,127.26,96.93,30.33,61.0,4.2,high
799,Fashion,t-shirt khaki 272,184.16,140.19,43.97,29.0,4.5,high
800,Fashion,sneakers snow 881,151.12,91.04,60.08,36.0,4.0,high
801,Fashion,hoodie blanchedalmond 225,138.66,103.67,34.99,64.0,4.285714285714286,high
802,Fashion,jeans mediumslateblue 465,79.62,57.42,22.2,67.0,3.857142857142857,medium
803,Fashion,hoodie peachpuff 461,101.89,75.9,25.99,43.0,4.333333333333333,medium
804,Fashion,t-shirt mistyrose 717,76.3,45.64,30.66,76.0,4.083333333333333,medium
805,Fashion,t-shirt orchid 348,14.56,11.26,3.3,123.0,4.055555555555555,low
806,Fashion,sneakers gray 121,76.04,53.85,22.19,94.0,4.090909090909091,medium
807,Fashion,socks antiquewhite 910,197.84,125.03,72.81,21.0,4.5,high
808,Fashion,t-shirt lightsteelblue 364,101.71,53.11,48.6,66.0,4.25,medium
809,Fashion,jeans tan 994,36.85,28.72,8.13,73.0,3.8,low
810,Fashion,hoodie cornflowerblue 702,136.56,102.54,34.02,26.0,3.0,high
811,Fashion,sneakers greenyellow 927,111.38,78.73,32.65,58.0,4.0,medium
812,Fashion,sneakers snow 450,190.16,95.87,94.29,27.0,5.0,high
813,Fashion,jeans green 132,101.54,65.51,36.03,51.0,4.222222222222222,medium
814,Fashion,socks magenta 735,168.73,88.14,80.59,29.0,4.875,high
815,Fashion,socks goldenrod 963,131.78,89.61,42.17,54.0,4.5,high
816,Fashion,jacket lavender 559,193.77,137.17,56.6,32.0,4.0,high
817,Fashion,jacket seagreen 629,52.01,40.95,11.06,104.0,3.8461538461538463,medium
818,Fashion,t-shirt indigo 418,77.3,50.9,26.4,64.0,4.0,medium
819,Fashion,jeans lightgray 273,121.13,62.15,58.98,49.0,3.923076923076923,medium
820,Fashion,socks lightyellow 690,77.31,49.5,27.81,74.0,4.3,medium
821,Fashion,jacket darkmagenta 106,82.47,49.99,32.48,72.0,3.6666666666666665,medium
822,Fashion,sneakers snow 121,119.2,71.54,47.66,52.0,4.0,medium
823,Fashion,jeans ghostwhite 146,96.21,76.58,19.63,74.0,4.3,medium
824,Fashion,hoodie ivory 379,36.0,25.25,10.75,110.0,3.7857142857142856,low
825,Fashion,jacket slateblue 368,60.48,39.31,21.17,70.0,4.0,medium
826,Fashion,sneakers papayawhip 242,117.24,77.2,40.04,48.0,3.5714285714285716,medium
827,Fashion,hoodie chartreuse 889,14.55,9.72,4.83,134.0,4.045454545454546,low
828,Fashion,t-shirt darkviolet 748,175.5,128.52,46.98,23.0,4.142857142857143,high
829,Fashion,dress orangered 388,129.85,79.06,50.79,46.0,3.1666666666666665,high
830,Fashion,socks cadetblue 244,160.7,122.43,38.27,24.0,3.0,high
831,Fashion,hoodie hotpink 449,21.83,17.22,4.61,116.0,4.3,low
832,Fashion,hoodie bisque 351,77.63,58.69,18.94,74.0,3.2,medium
833,Fashion,sneakers darkturquoise 442,175.59,125.5,50.09,25.0,4.5,high
834,Fashion,t-shirt papayawhip 901,143.21,100.47,42.74,40.0,4.0,high
835,Fashion,jacket cadetblue 928,104.72,80.45,24.27,52.0,4.333333333333333,medium
836,Fashion,jeans chocolate 310,199.35,108.69,90.66,24.0,4.0,high
837,Fashion,t-shirt ghostwhite 514,178.64,125.3,53.34,27.0,4.0,high
838,Fashion,jacket orangered 272,84.05,61.5,22.55,52.0,4.285714285714286,medium
839,Fashion,dress royalblue 415,20.73,12.24,8.49,138.0,3.7,low
840,Fashion,sneakers maroon 448,147.52,98.16,49.36,25.0,3.8,high
841,Fashion,t-shirt darkolivegreen 181,184.88,124.79,60.09,27.0,3.3333333333333335,high
842,Fashion,dress cyan 579,42.32,28.53,13.79,95.0,4.142857142857143,low
843,Fashion,sneakers firebrick 838,194.35,137.42,56.93,9.0,0.0,high
844,Fashion,socks mediumpurple 426,185.02,139.06,45.96,17.0,0.0,high
845,Fashion,jeans gold 123,60.97,35.2,25.77,90.0,4.0,medium
846,Fashion,socks ghostwhite 821,39.6,22.98,16.62,101.0,4.166666666666667,low
847,Fashion,t-shirt violet 305,49.92,30.94,18.98,107.0,3.25,medium
848,Fashion,dress seagreen 201,62.27,40.51,21.76,83.0,3.923076923076923,medium
849,Fashion,jeans blanchedalmond 232,54.41,28.13,26.28,80.0,4.0,medium
850,Fashion,dress magenta 935,17.33,9.05,8.28,112.0,3.8333333333333335,low
851,Fashion,dress oldlace 292,73.5,39.76,33.74,68.0,3.8333333333333335,medium
852,Fashion,sneakers navy 755,111.09,84.72,26.37,48.0,4.181818181818182,medium
853,Fashion,sneakers mediumpurple 434,185.19,104.39,80.8,16.0,4.75,high
854,Fashion,socks red 515,151.87,105.5,46.37,35.0,4.0,high
855,Fashion,dress floralwhite 158,138.36,83.2,55.16,32.0,3.4,high
856,Books,paperback darkmagenta 727,40.42,21.27,19.15,72.0,3.75,low
857,Books,paperback aliceblue 509,39.47,31.43,8.04,73.0,4.0,low
858,Books,paperback cyan 126,47.19,35.96,11.23,75.0,4.333333333333333,low
859,Books,paperback lightseagreen 157,29.51,23.5,6.01,88.0,4.0,low
860,Books,paperback cyan 437,31.86,22.85,9.01,79.0,3.875,low
861,Books,hardcover mediumvioletred 246,7.39,4.04,3.35,140.0,3.769230769230769,low
862,Books,e-book peachpuff 933,39.06,20.58,18.48,106.0,4.117647058823529,low
863,Books,paperback darkred 702,22.89,15.14,7.75,96.0,3.0,low
864,Books,e-book honeydew 688,10.21,8.11,2.1,122.0,3.5833333333333335,low
865,Books,paperback olive 932,13.81,9.47,4.34,105.0,3.3636363636363638,low
866,Books,e-book mintcream 762,25.45,12.97,12.48,120.0,4.0,low
867,Books,paperback magenta 823,33.63,22.36,11.27,78.0,3.727272727272727,low
868,Books,paperback plum 642,29.29,17.82,11.47,105.0,4.0,low
869,Books,paperback darkcyan 587,9.2,4.62,4.58,139.0,4.0,low
870,Books,hardcover burlywood 471,33.8,24.75,9.05,87.0,3.95,low
871,Books,hardcover sienna 874,49.51,28.14,21.37,80.0,4.0,medium
872,Books,hardcover gray 225,47.04,32.33,14.71,62.0,4.4,low
873,Books,hardcover navy 896,28.53,16.02,12.51,102.0,4.230769230769231,low
874,Books,hardcover yellow 855,15.18,10.35,4.83,132.0,4.454545454545454,low
875,Books,hardcover rosybrown 976,45.43,34.58,10.85,63.0,3.1818181818181817,low
876,Books,hardcover goldenrod 826,27.84,16.85,10.99,95.0,4.230769230769231,low
877,Books,hardcover mediumblue 318,23.75,18.0,5.75,98.0,4.357142857142857,low
878,Books,e-book moccasin 498,45.88,35.34,10.54,66.0,3.5,low
879,Books,paperback sienna 127,12.97,9.56,3.41,119.0,4.05,low
880,Books,hardcover black 926,34.02,17.17,16.85,75.0,4.0,low
881,Books,e-book palevioletred 459,45.94,32.26,13.68,68.0,4.25,low
882,Books,hardcover lightblue 484,13.72,8.41,5.31,122.0,4.357142857142857,low
883,Books,e-book palegreen 357,32.47,18.42,14.05,70.0,3.909090909090909,low
884,Books,hardcover blueviolet 336,15.33,9.66,5.67,119.0,3.8,low
885,Books,paperback oldlace 758,12.55,9.13,3.42,124.0,3.8125,low
886,Books,paperback blanchedalmond 321,17.03,13.59,3.44,89.0,4.4375,low
887,Books,e-book sandybrown 990,40.17,25.84,14.33,63.0,4.0,low
888,Books,paperback coral 407,47.85,25.88,21.97,73.0,3.888888888888889,low
889,Books,paperback chocolate 993,7.16,3.59,3.57,118.0,3.6666666666666665,low
890,Books,hardcover lightcyan 711,10.6,7.47,3.13,117.0,3.8666666666666667,low
891,Books,paperback goldenrod 900,12.97,6.69,6.28,136.0,3.9615384615384617,low
892,Books,hardcover coral 147,43.01,31.0,12.01,73.0,3.75,low
893,Books,paperback mediumslateblue 404,11.57,8.78,2.79,104.0,4.0625,low
894,Books,e-book mistyrose 109,4.15,2.21,1.94,144.0,3.6315789473684212,low
895,Books,hardcover lightpink 853,45.85,25.0,20.85,65.0,3.375,low
896,Books,paperback mediumseagreen 799,7.58,4.17,3.41,134.0,3.85,low
897,Books,paperback brown 781,7.24,4.36,2.88,119.0,4.214285714285714,low
898,Books,e-book lightgray 133,21.64,13.0,8.64,102.0,4.0,low
899,Books,e-book mediumaquamarine 806,14.03,10.35,3.68,112.0,4.3125,low
900,Books,hardcover lightsalmon 337,4.78,3.11,1.67,148.0,3.5789473684210527,low
901,Books,e-book lime 120,23.23,12.35,10.88,94.0,4.0,low
902,Books,hardcover aliceblue 999,49.57,29.49,20.08,70.0,3.8181818181818183,medium
903,Books,hardcover coral 239,8.66,5.6,3.06,123.0,4.1875,low
904,Books,e-book bisque 801,23.14,12.81,10.33,106.0,3.9375,low
905,Books,e-book lavender 612,9.95,7.18,2.77,121.0,4.142857142857143,low
906,Books,hardcover darkmagenta 179,27.91,20.98,6.93,113.0,3.7777777777777777,low
907,Books,paperback sienna 329,48.61,36.75,11.86,53.0,3.111111111111111,medium
908,Books,e-book seagreen 115,6.4,4.55,1.85,141.0,3.761904761904762,low
909,Books,paperback olivedrab 301,15.64,12.35,3.29,122.0,4.0,low
910,Books,e-book lightcoral 471,5.25,3.87,1.38,120.0,4.166666666666667,low
911,Books,paperback plum 768,3.5,2.47,1.03,141.0,4.166666666666667,low
912,Books,paperback snow 806,28.57,18.99,9.58,99.0,4.285714285714286,low
913,Books,paperback darkseagreen 834,49.17,37.48,11.69,85.0,3.533333333333333,medium
914,Books,paperback springgreen 529,21.77,12.96,8.81,112.0,4.25,low
915,Books,paperback gainsboro 494,48.73,30.02,18.71,55.0,4.125,medium
916,Books,paperback aqua 750,40.78,31.38,9.4,78.0,3.9,low
917,Books,hardcover limegreen 360,14.24,9.26,4.98,96.0,3.8333333333333335,low
918,Books,e-book deeppink 346,31.71,19.44,12.27,95.0,4.076923076923077,low
919,Books,hardcover lavenderblush 735,34.18,17.98,16.2,82.0,4.25,low
920,Books,hardcover mediumorchid 810,45.7,23.53,22.17,53.0,4.3,low
921,Books,e-book mediumaquamarine 662,18.25,12.66,5.59,76.0,4.076923076923077,low
922,Books,e-book salmon 100,17.83,14.11,3.72,97.0,3.466666666666667,low
923,Books,paperback mistyrose 622,38.07,28.78,9.29,95.0,3.2857142857142856,low
924,Books,paperback cyan 340,30.84,24.62,6.22,111.0,3.7,low
925,Books,e-book thistle 463,40.19,30.58,9.61,90.0,4.3076923076923075,low
926,Books,e-book gray 372,6.01,4.76,1.25,160.0,3.923076923076923,low
927,Books,e-book orangered 173,34.0,25.43,8.57,76.0,3.857142857142857,low
928,Books,e-book dimgray 727,40.47,28.3,12.17,67.0,3.4166666666666665,low
929,Books,paperback lightblue 978,15.33,11.53,3.8,119.0,3.6956521739130435,low
930,Books,e-book paleturquoise 684,19.35,13.1,6.25,91.0,3.466666666666667,low
931,Books,hardcover coral 875,49.97,25.97,24.0,54.0,4.142857142857143,medium
932,Books,e-book blanchedalmond 273,20.11,11.29,8.82,95.0,4.076923076923077,low
933,Books,paperback skyblue 941,14.22,7.85,6.37,115.0,3.95,low
934,Books,e-book yellowgreen 947,24.63,17.05,7.58,100.0,3.761904761904762,low
935,Books,e-book mediumorchid 490,43.79,22.46,21.33,65.0,3.8,low
936,Books,paperback dodgerblue 225,42.11,31.39,10.72,79.0,3.909090909090909,low
937,Books,paperback pink 205,10.23,5.89,4.34,94.0,4.0,low
938,Books,paperback darkkhaki 633,19.76,14.64,5.12,124.0,4.260869565217392,low
939,Books,paperback cornsilk 505,24.28,12.78,11.5,76.0,3.769230769230769,low
940,Books,paperback lightgray 560,49.86,35.33,14.53,60.0,4.666666666666667,medium
941,Books,e-book darkblue 877,25.48,18.84,6.64,87.0,3.888888888888889,low
942,Books,e-book honeydew 475,10.04,7.07,2.97,130.0,3.9444444444444446,low
943,Books,paperback darkgray 479,27.47,15.69,11.78,92.0,4.266666666666667,low
944,Books,e-book peachpuff 118,18.98,11.66,7.32,151.0,4.166666666666667,low
945,Books,e-book springgreen 159,12.44,8.35,4.09,136.0,4.285714285714286,low
946,Books,e-book rosybrown 381,11.39,8.15,3.24,118.0,3.8947368421052633,low
947,Books,paperback forestgreen 548,15.01,8.7,6.31,83.0,3.5714285714285716,low
948,Books,hardcover lavender 190,27.68,17.94,9.74,93.0,4.5,low
949,Books,hardcover darkslateblue 397,9.03,7.11,1.92,140.0,4.416666666666667,low
950,Books,e-book papayawhip 834,39.71,30.82,8.89,59.0,3.142857142857143,low
951,Books,paperback salmon 871,20.66,10.59,10.07,82.0,3.7857142857142856,low
952,Books,paperback lavenderblush 722,48.58,30.57,18.01,74.0,3.6,medium
953,Books,paperback whitesmoke 692,19.56,12.04,7.52,109.0,4.0,low
954,Books,hardcover darkred 972,46.47,25.91,20.56,81.0,3.8333333333333335,low
955,Books,e-book lightyellow 308,30.27,15.71,14.56,64.0,3.5714285714285716,low
956,Books,paperback lightyellow 556,43.43,22.76,20.67,48.0,3.3333333333333335,low
957,Books,paperback lightseagreen 758,21.48,13.41,8.07,95.0,4.0625,low
958,Books,hardcover lightgreen 573,8.07,5.4,2.67,113.0,3.8260869565217392,low
959,Books,e-book navy 584,42.46,26.51,15.95,68.0,3.7142857142857144,low
960,Books,hardcover lightcyan 603,44.85,28.34,16.51,62.0,4.4,low
961,Books,hardcover lightgoldenrodyellow 786,27.05,20.22,6.83,78.0,4.1,low
962,Books,hardcover gray 141,37.8,23.46,14.34,89.0,4.1875,low
963,Books,e-book purple 496,16.82,10.08,6.74,111.0,4.230769230769231,low
964,Books,paperback lightblue 178,8.55,4.84,3.71,107.0,4.142857142857143,low
965,Books,e-book ghostwhite 190,41.42,21.97,19.45,80.0,4.090909090909091,low
966,Books,hardcover lemonchiffon 797,29.53,15.25,14.28,95.0,2.75,low
967,Books,hardcover lavenderblush 156,36.42,23.48,12.94,79.0,3.6470588235294117,low
968,Books,e-book deepskyblue 697,35.48,22.19,13.29,85.0,4.181818181818182,low
969,Books,hardcover lightskyblue 992,49.91,37.19,12.72,76.0,3.0833333333333335,medium
970,Books,e-book gold 630,9.84,5.91,3.93,110.0,4.5,low
971,Books,hardcover mediumorchid 632,11.75,7.77,3.98,133.0,3.8,low
972,Books,paperback coral 779,7.07,4.35,2.72,146.0,3.588235294117647,low
973,Books,paperback orchid 530,29.12,19.02,10.1,79.0,3.9,low
974,Books,e-book lightcoral 987,5.4,3.19,2.21,124.0,4.0,low
975,Books,paperback lemonchiffon 363,40.69,30.8,9.89,63.0,3.5833333333333335,low
976,Books,paperback tan 649,12.49,6.44,6.05,99.0,3.9375,low
977,Books,e-book violet 600,20.57,13.15,7.42,100.0,3.6,low
978,Books,e-book lavender 920,30.44,18.56,11.88,84.0,4.090909090909091,low
979,Books,paperback darkgreen 669,12.41,9.63,2.78,124.0,3.761904761904762,low
980,Books,e-book sandybrown 645,5.4,3.21,2.19,122.0,3.5454545454545454,low
981,Books,hardcover blue 431,22.22,14.88,7.34,134.0,4.105263157894737,low
982,Books,hardcover darkkhaki 398,15.86,11.72,4.14,108.0,3.6923076923076925,low
983,Books,hardcover antiquewhite 706,36.4,26.96,9.44,70.0,3.8461538461538463,low
984,Books,e-book sienna 555,24.37,19.02,5.35,103.0,4.125,low
985,Books,hardcover lavender 544,44.27,22.9,21.37,65.0,4.0,low
986,Books,e-book rosybrown 173,8.85,4.79,4.06,89.0,3.9166666666666665,low
987,Books,e-book navy 838,26.37,13.3,13.07,114.0,3.7777777777777777,low
988,Books,e-book blueviolet 326,37.65,20.68,16.97,73.0,4.076923076923077,low
989,Books,e-book lightyellow 921,36.86,26.71,10.15,92.0,4.0,low
990,Books,hardcover lavender 896,28.12,15.4,12.72,90.0,3.727272727272727,low
991,Books,e-book darkorchid 197,12.72,6.74,5.98,124.0,3.823529411764706,low
992,Books,hardcover burlywood 524,39.86,31.3,8.56,65.0,3.769230769230769,low
993,Books,hardcover gold 553,33.97,19.61,14.36,85.0,4.25,low
994,Books,e-book goldenrod 812,22.96,17.46,5.5,89.0,3.923076923076923,low
995,Books,hardcover crimson 400,4.96,3.72,1.24,106.0,3.8,low
996,Books,hardcover navy 823,44.11,32.6,11.51,65.0,4.076923076923077,low
997,Books,e-book thistle 364,36.81,21.82,14.99,69.0,4.222222222222222,low
998,Books,paperback fuchsia 918,28.79,16.25,12.54,105.0,3.8,low
999,Books,e-book rosybrown 133,49.06,30.29,18.77,81.0,3.4545454545454546,medium
1000,Books,paperback lightgoldenrodyellow 328,20.86,14.44,6.42,89.0,3.923076923076923,low
1001,Books,e-book antiquewhite 575,28.65,15.13,13.52,95.0,4.428571428571429,low
1002,Books,hardcover darkmagenta 795,37.23,23.42,13.81,60.0,4.0,low
1003,Books,paperback mediumvioletred 225,8.38,6.27,2.11,125.0,3.8333333333333335,low
1004,Books,e-book indianred 636,46.4,37.07,9.33,77.0,4.1,low
1005,Books,e-book blue 118,6.43,4.16,2.27,141.0,3.7333333333333334,low
1006,Books,paperback navajowhite 305,44.8,34.67,10.13,71.0,4.0,low
1007,Books,paperback mediumspringgreen 697,16.16,9.55,6.61,136.0,4.076923076923077,low
1008,Books,e-book darkturquoise 581,38.54,21.6,16.94,80.0,4.625,low
1009,Books,paperback brown 332,39.09,28.52,10.57,78.0,3.5454545454545454,low
1010,Books,e-book greenyellow 713,46.46,23.68,22.78,84.0,4.0,low
1011,Books,hardcover lightcyan 255,48.47,29.24,19.23,76.0,3.5714285714285716,low
1012,Books,e-book blue 458,17.1,9.43,7.67,134.0,3.9473684210526314,low
1013,Books,paperback greenyellow 472,25.61,15.34,10.27,95.0,3.5,low
1014,Books,hardcover aqua 928,8.15,6.11,2.04,105.0,4.05,low
1015,Books,hardcover mediumorchid 864,37.01,23.56,13.45,76.0,3.0,low
1016,Books,e-book paleturquoise 502,8.31,4.56,3.75,116.0,3.6956521739130435,low
1017,Books,paperback navy 693,4.69,2.4,2.29,129.0,3.8666666666666667,low
1018,Books,hardcover ghostwhite 525,22.41,15.89,6.52,120.0,3.8181818181818183,low
1019,Books,e-book magenta 845,42.35,22.14,20.21,56.0,4.4,low
1020,Books,e-book crimson 778,37.51,22.8,14.71,88.0,3.6153846153846154,low
1021,Books,hardcover greenyellow 994,18.59,13.99,4.6,104.0,4.0,low
1022,Books,paperback blanchedalmond 209,17.26,9.98,7.28,117.0,4.153846153846154,low
1023,Books,hardcover snow 648,8.5,5.52,2.98,100.0,3.4444444444444446,low
1024,Books,e-book skyblue 267,8.53,5.46,3.07,93.0,3.0,low
1025,Books,e-book coral 475,28.17,18.37,9.8,79.0,3.7142857142857144,low
1026,Books,hardcover paleturquoise 230,16.32,10.88,5.44,115.0,3.888888888888889,low
1027,Toys,board game darkgreen 345,59.77,39.47,20.3,69.0,3.75,medium
1028,Toys,puzzle orchid 600,7.12,5.57,1.55,148.0,4.2,low
1029,Toys,building blocks deepskyblue 189,21.61,15.63,5.98,114.0,4.0,low
1030,Toys,board game white 131,17.37,10.06,7.31,114.0,3.769230769230769,low
1031,Toys,doll darkgoldenrod 398,35.1,23.01,12.09,87.0,4.090909090909091,low
1032,Toys,building blocks dodgerblue 692,71.9,37.77,34.13,65.0,3.9,medium
1033,Toys,board game orchid 902,23.31,15.82,7.49,116.0,3.764705882352941,low
1034,Toys,building blocks lightpink 351,58.6,30.39,28.21,59.0,3.0,medium
1035,Toys,puzzle paleturquoise 142,50.34,40.01,10.33,74.0,4.111111111111111,medium
1036,Toys,board game lightskyblue 934,51.75,36.62,15.13,82.0,4.076923076923077,medium
1037,Toys,action figure linen 572,31.31,23.27,8.04,97.0,3.9166666666666665,low
1038,Toys,building blocks papayawhip 521,74.14,37.31,36.83,60.0,4.0,medium
1039,Toys,doll cadetblue 251,8.39,6.18,2.21,128.0,3.8260869565217392,low
1040,Toys,building blocks magenta 452,56.23,30.67,25.56,68.0,4.5,medium
1041,Toys,board game mintcream 802,21.08,16.39,4.69,122.0,4.1,low
1042,Toys,action figure papayawhip 102,58.44,30.39,28.05,54.0,2.6666666666666665,medium
1043,Toys,doll papayawhip 437,8.79,5.78,3.01,134.0,4.2,low
1044,Toys,puzzle azure 303,61.61,42.57,19.04,77.0,3.8461538461538463,medium
1045,Toys,puzzle moccasin 194,68.58,50.47,18.11,73.0,4.428571428571429,medium
1046,Toys,action figure gray 604,49.13,36.41,12.72,61.0,3.875,medium
1047,Toys,doll orangered 410,15.99,11.97,4.02,123.0,4.076923076923077,low
1048,Toys,puzzle palegreen 921,61.13,45.83,15.3,81.0,3.2857142857142856,medium
1049,Toys,building blocks greenyellow 755,18.19,11.2,6.99,135.0,3.8,low
1050,Toys,building blocks antiquewhite 644,28.12,22.17,5.95,84.0,3.5714285714285716,low
1051,Toys,puzzle powderblue 921,11.03,8.11,2.92,114.0,4.444444444444445,low
1052,Toys,action figure dimgray 345,61.55,46.42,15.13,52.0,3.875,medium
1053,Toys,board game peru 998,49.48,33.08,16.4,70.0,4.166666666666667,medium
1054,Toys,doll darkorange 827,48.55,37.87,10.68,109.0,3.5384615384615383,medium
1055,Toys,puzzle darkgoldenrod 912,35.01,25.74,9.27,103.0,3.75,low
1056,Toys,action figure palegreen 189,67.11,41.73,25.38,64.0,4.2,medium
1057,Toys,board game moccasin 447,54.28,40.76,13.52,76.0,3.6,medium
1058,Toys,building blocks salmon 412,72.91,45.79,27.12,85.0,3.9166666666666665,medium
1059,Toys,puzzle dodgerblue 213,28.23,19.23,9.0,112.0,3.875,low
1060,Toys,doll darkseagreen 568,36.98,25.2,11.78,84.0,3.8181818181818183,low
1061,Toys,board game aquamarine 462,30.82,17.39,13.43,100.0,3.4615384615384617,low
1062,Toys,doll cadetblue 399,68.5,46.98,21.52,65.0,3.625,medium
1063,Toys,action figure darkturquoise 818,12.51,7.27,5.24,153.0,3.7058823529411766,low
1064,Toys,doll orchid 347,36.15,23.91,12.24,96.0,3.75,low
1065,Toys,puzzle darkcyan 484,22.01,15.15,6.86,110.0,3.923076923076923,low
1066,Toys,board game navajowhite 254,34.84,20.9,13.94,81.0,4.5,low
1067,Toys,action figure tan 935,18.39,11.13,7.26,115.0,4.1,low
1068,Toys,building blocks floralwhite 415,71.27,56.17,15.1,48.0,4.25,medium
1069,Toys,doll darkviolet 909,29.57,22.56,7.01,103.0,3.764705882352941,low
1070,Toys,building blocks mediumvioletred 266,20.02,15.0,5.02,122.0,4.0476190476190474,low
1071,Toys,doll lightskyblue 279,45.01,22.51,22.5,83.0,3.4,low
1072,Toys,puzzle dodgerblue 928,75.93,48.32,27.61,69.0,4.428571428571429,medium
1073,Toys,action figure turquoise 665,60.51,42.53,17.98,85.0,3.8461538461538463,medium
1074,Toys,building blocks floralwhite 871,55.29,29.88,25.41,77.0,4.1,medium
1075,Toys,action figure cornflowerblue 738,55.31,28.91,26.4,69.0,4.181818181818182,medium
1076,Toys,action figure darkmagenta 470,38.86,30.6,8.26,74.0,3.7777777777777777,low
1077,Toys,action figure olivedrab 484,54.93,37.88,17.05,75.0,4.111111111111111,medium
1078,Toys,building blocks slategray 770,65.84,34.1,31.74,47.0,4.0,medium
1079,Toys,doll gray 118,42.51,30.07,12.44,78.0,4.0,low
1080,Toys,puzzle limegreen 221,70.77,54.24,16.53,68.0,3.2857142857142856,medium
1081,Toys,building blocks darksalmon 624,33.91,20.12,13.79,97.0,4.333333333333333,low
1082,Toys,board game brown 135,59.94,43.45,16.49,77.0,4.333333333333333,medium
1083,Toys,action figure skyblue 377,41.7,20.94,20.76,73.0,4.3076923076923075,low
1084,Toys,board game maroon 620,19.89,15.42,4.47,109.0,3.769230769230769,low
1085,Toys,puzzle cadetblue 703,79.83,44.07,35.76,74.0,4.333333333333333,medium
1086,Toys,action figure orange 891,52.42,30.01,22.41,81.0,4.066666666666666,medium
1087,Toys,building blocks darkcyan 517,7.91,5.26,2.65,150.0,4.166666666666667,low
1088,Toys,puzzle dodgerblue 489,65.56,46.09,19.47,64.0,4.0,medium
1089,Toys,doll indigo 807,77.26,55.08,22.18,56.0,3.5714285714285716,medium
1090,Toys,action figure palegreen 607,29.99,22.49,7.5,81.0,3.875,low
1091,Toys,puzzle gray 243,64.73,39.11,25.62,76.0,4.0,medium
1092,Toys,board game sienna 266,44.18,33.72,10.46,99.0,3.8,low
1093,Toys,action figure gainsboro 419,60.64,33.42,27.22,89.0,4.076923076923077,medium
1094,Toys,puzzle indianred 895,49.46,39.14,10.32,88.0,3.3,medium
1095,Toys,action figure blueviolet 416,77.2,42.93,34.27,62.0,3.5,medium
1096,Toys,doll palegoldenrod 548,20.6,12.28,8.32,99.0,4.0625,low
1097,Toys,doll tomato 503,14.02,8.1,5.92,130.0,3.6470588235294117,low
1098,Toys,action figure dimgray 373,34.53,27.25,7.28,92.0,3.8,low
1099,Toys,puzzle olivedrab 561,21.09,16.29,4.8,102.0,4.071428571428571,low
1100,Toys,building blocks mintcream 897,67.95,46.96,20.99,60.0,4.0,medium
1101,Toys,action figure darkred 648,9.25,5.4,3.85,124.0,4.076923076923077,low
1102,Toys,doll deeppink 521,54.94,41.45,13.49,63.0,3.6666666666666665,medium
1103,Toys,puzzle lightblue 505,26.38,16.06,10.32,83.0,4.1,low
1104,Toys,building blocks goldenrod 224,66.01,49.87,16.14,63.0,3.75,medium
1105,Toys,action figure blueviolet 644,39.27,19.77,19.5,82.0,4.2727272727272725,low
1106,Toys,building blocks blue 468,28.61,19.47,9.14,99.0,4.0,low
1107,Toys,action figure mediumblue 996,78.56,60.16,18.4,64.0,4.0,medium
1108,Toys,building blocks darkorchid 948,13.13,8.94,4.19,109.0,4.05,low
1109,Toys,doll orange 414,67.75,48.34,19.41,69.0,4.363636363636363,medium
1110,Toys,board game saddlebrown 749,53.71,42.44,11.27,72.0,4.166666666666667,medium
1111,Toys,puzzle linen 908,63.32,39.15,24.17,69.0,4.25,medium
1112,Toys,action figure peachpuff 444,35.6,23.14,12.46,116.0,4.5,low
1113,Toys,action figure linen 246,70.01,49.96,20.05,58.0,4.571428571428571,medium
1114,Toys,building blocks lightblue 395,60.44,37.72,22.72,84.0,3.8333333333333335,medium
1115,Toys,board game peru 523,21.77,15.34,6.43,105.0,4.0,low
1116,Toys,puzzle orange 783,43.16,32.61,10.55,73.0,4.1,low
1117,Toys,board game navajowhite 687,48.76,30.29,18.47,71.0,4.25,medium
1118,Toys,action figure rosybrown 973,64.11,45.12,18.99,64.0,3.7,medium
1119,Toys,board game steelblue 872,17.19,12.06,5.13,135.0,4.133333333333334,low
1120,Toys,board game purple 134,43.04,33.12,9.92,85.0,4.333333333333333,low
1121,Toys,doll fuchsia 821,71.02,38.31,32.71,69.0,4.076923076923077,medium
1122,Toys,doll beige 168,51.31,29.89,21.42,69.0,4.5,medium
1123,Toys,building blocks aliceblue 722,50.76,33.13,17.63,91.0,3.6666666666666665,medium
1124,Toys,board game slategray 468,72.89,43.21,29.68,58.0,3.7142857142857144,medium
1125,Toys,building blocks seagreen 468,78.14,57.87,20.27,50.0,3.7777777777777777,medium
1126,Toys,puzzle lavenderblush 958,57.76,30.13,27.63,66.0,3.75,medium
1127,Toys,action figure rosybrown 882,22.16,14.12,8.04,95.0,4.153846153846154,low
1128,Toys,board game salmon 556,39.07,25.44,13.63,76.0,3.75,low
1129,Toys,building blocks fuchsia 140,47.06,34.93,12.13,87.0,4.0,low
1130,Toys,building blocks sienna 329,67.23,35.84,31.39,55.0,4.625,medium
1131,Toys,action figure palegoldenrod 438,52.58,31.65,20.93,49.0,3.75,medium
1132,Toys,building blocks darkmagenta 912,48.07,27.18,20.89,72.0,3.7,low
1133,Toys,board game cornflowerblue 691,26.85,21.27,5.58,69.0,4.166666666666667,low
1134,Toys,building blocks darksalmon 277,58.77,33.32,25.45,53.0,3.6,medium
1135,Toys,puzzle mintcream 483,66.0,38.31,27.69,61.0,4.1,medium
1136,Toys,puzzle plum 191,76.63,44.61,32.02,64.0,3.5,medium
1137,Toys,building blocks moccasin 702,14.32,8.84,5.48,120.0,4.133333333333334,low
1138,Toys,doll darkgoldenrod 156,22.74,17.29,5.45,125.0,4.0588235294117645,low
1139,Toys,action figure red 357,77.14,46.19,30.95,34.0,4.0,medium
1140,Toys,puzzle tan 541,53.49,35.98,17.51,84.0,4.153846153846154,medium
1141,Toys,doll teal 732,77.72,59.39,18.33,58.0,4.125,medium
1142,Toys,doll blueviolet 214,20.11,13.77,6.34,130.0,3.5294117647058822,low
1143,Toys,doll blueviolet 178,18.25,13.28,4.97,90.0,3.5714285714285716,low
1144,Toys,building blocks darkseagreen 909,7.22,5.29,1.93,121.0,3.388888888888889,low
1145,Toys,board game darkblue 873,63.23,35.43,27.8,58.0,3.8461538461538463,medium
1146,Toys,action figure maroon 857,61.33,48.11,13.22,62.0,4.4,medium
1147,Toys,building blocks teal 310,59.24,30.73,28.51,79.0,3.75,medium
1148,Toys,doll cyan 839,6.96,5.28,1.68,132.0,4.095238095238095,low
1149,Toys,building blocks cadetblue 267,25.52,15.48,10.04,102.0,4.066666666666666,low
1150,Toys,building blocks tan 413,52.78,42.09,10.69,69.0,4.454545454545454,medium
1151,Toys,puzzle oldlace 463,9.27,5.12,4.15,121.0,3.8125,low
1152,Toys,doll darkslateblue 565,72.52,53.76,18.76,70.0,3.4,medium
1153,Toys,puzzle bisque 472,31.38,23.77,7.61,89.0,4.083333333333333,low
1154,Toys,doll coral 445,41.97,22.03,19.94,107.0,3.933333333333333,low
1155,Toys,action figure darkolivegreen 231,41.24,30.79,10.45,107.0,3.9285714285714284,low
1156,Toys,puzzle goldenrod 498,45.09,25.94,19.15,76.0,4.25,low
1157,Toys,board game darkseagreen 297,32.18,22.43,9.75,90.0,3.5833333333333335,low
1158,Toys,action figure slategray 547,75.95,60.32,15.63,62.0,4.0,medium
1159,Toys,doll lightslategray 547,17.91,13.77,4.14,107.0,4.176470588235294,low
1160,Toys,board game firebrick 845,16.24,8.66,7.58,124.0,4.0,low
1161,Toys,building blocks indigo 932,45.31,23.03,22.28,86.0,4.0,low
1162,Toys,puzzle coral 686,40.31,20.68,19.63,79.0,4.25,low
1163,Toys,building blocks mediumvioletred 446,73.63,55.78,17.85,64.0,3.5555555555555554,medium
1164,Toys,building blocks lightcoral 887,47.41,30.27,17.14,81.0,3.875,low
1165,Toys,board game dimgray 463,6.54,3.67,2.87,109.0,3.9166666666666665,low
1166,Toys,doll mediumblue 998,71.16,37.67,33.49,46.0,2.5,medium
1167,Toys,board game lightsalmon 685,75.92,47.98,27.94,54.0,4.333333333333333,medium
1168,Toys,building blocks saddlebrown 550,74.12,52.3,21.82,57.0,4.1,medium
1169,Toys,puzzle darkturquoise 982,48.19,34.49,13.7,81.0,3.6923076923076925,low
1170,Toys,doll lightcyan 982,18.5,12.87,5.63,151.0,3.8636363636363638,low
1171,Toys,board game steelblue 583,59.05,37.84,21.21,78.0,4.0,medium
1172,Toys,building blocks silver 713,16.49,12.74,3.75,107.0,4.076923076923077,low
1173,Toys,doll honeydew 334,10.64,6.08,4.56,134.0,3.3529411764705883,low
1174,Toys,puzzle lightgray 943,35.03,25.8,9.23,75.0,3.9,low
1175,Toys,board game tan 139,52.91,38.23,14.68,63.0,4.0,medium
1176,Toys,board game lavenderblush 921,12.94,10.26,2.68,102.0,3.4375,low
1177,Toys,puzzle mediumaquamarine 346,8.82,4.54,4.28,127.0,3.85,low
1178,Toys,board game navy 669,63.38,32.53,30.85,64.0,3.5,medium
1179,Toys,building blocks blue 257,74.03,42.85,31.18,63.0,3.4545454545454546,medium
1180,Toys,doll gray 206,7.35,5.34,2.01,140.0,3.4285714285714284,low
1181,Toys,puzzle gainsboro 266,19.83,14.72,5.11,105.0,3.3125,low
1182,Toys,building blocks palegreen 905,43.9,23.34,20.56,71.0,4.285714285714286,low
1183,Toys,doll dodgerblue 971,73.81,36.96,36.85,49.0,4.666666666666667,medium
1184,Toys,puzzle lightseagreen 614,47.14,35.19,11.95,88.0,4.111111111111111,low
1185,Toys,building blocks mediumorchid 918,51.87,35.19,16.68,69.0,4.375,medium
1186,Toys,building blocks oldlace 658,11.74,6.06,5.68,125.0,3.7777777777777777,low
1187,Toys,building blocks floralwhite 107,27.53,17.04,10.49,121.0,4.214285714285714,low
1188,Toys,building blocks lightgray 949,61.13,31.01,30.12,63.0,3.2142857142857144,medium
1189,Toys,building blocks darkorange 225,66.05,42.1,23.95,64.0,4.375,medium
1190,Toys,board game wheat 727,55.71,44.29,11.42,89.0,3.5,medium
1191,Toys,puzzle burlywood 196,46.41,28.11,18.3,89.0,3.8125,low
1192,Toys,puzzle mistyrose 968,60.03,45.32,14.71,89.0,3.5,medium
1193,Toys,puzzle royalblue 416,12.64,7.36,5.28,122.0,3.923076923076923,low
1194,Toys,action figure turquoise 442,16.94,11.55,5.39,98.0,4.2727272727272725,low
1195,Toys,board game darkkhaki 216,6.51,3.4,3.11,135.0,4.0,low
1196,Toys,building blocks lightcoral 517,21.83,13.44,8.39,100.0,3.75,low
1197,Toys,building blocks whitesmoke 876,48.51,27.32,21.19,63.0,3.375,medium
